,Product_name,Brand,Item_id
0,Futurist Skin Tint Serum Foundation SPF 27,EstÃ©e Lauder,2612458
1,Dior Forever Fluid Skin Glow Foundation,Dior,2605037
2,BAREPRO 24HR Wear Skin-Perfecting Matte Liquid Foundation Mineral SPF 20,bareMinerals,2619782
3,Futurist Hydra Rescue Moisturizing Foundation SPF 45,EstÃ©e Lauder,2559137
4,Mini CC+ Cream with SPF 50+,IT Cosmetics,2603710
5,Teint Idole Ultra Wear 24H Full Coverage Foundation,LancÃ´me,2608119
6,Studio Fix Powder Plus Foundation Makeup,MAC,2510813
7,Light Reflecting Advanced Skincare Foundation,NARS,2591117
8,Studio Fix Fluid SPF15 24HR Matte Foundation + Oil Control,MAC,2622206
9,Born This Way Natural Finish Longwear Liquid Foundation,Too Faced,2290020
10,CC+ Cream Natural Matte Foundation with SPF 40,IT Cosmetics,2621797
11,Even Better Makeup Broad Spectrum SPF 15 Foundation,Clinique,2206255
12,Pro Filt'r Soft Matte Longwear Liquid Foundation,FENTY BEAUTY by Rihanna,2592558
13,CC+ Cream Illumination SPF 50+,IT Cosmetics,2287681
14,Face Bond Self-Setting Waterproof Foundation,Urban Decay Cosmetics,2623593
15,Natural Radiant Longwear Foundation,NARS,2523154
16,Always On Skin-Balancing Foundation with Hyaluronic Acid + Adaptogens,Smashbox,2610459
17,Eaze Drop Blurring Skin Tint,FENTY BEAUTY by Rihanna,2592608
18,Stay-Matte Sheer Pressed Powder Foundation,Clinique,2153956
19,Bye Bye Foundation Full Coverage Moisturizer with SPF 50+,IT Cosmetics,2523634
20,Dual Finish Multi-Tasking Lightweight Pressed Powder Foundation,LancÃ´me,2235364
21,Face Tape Full Coverage Foundation,Tarte,2540290
22,Soft'Lit Naturally Luminous Hydrating Longwear Foundation,FENTY BEAUTY by Rihanna,2624152
23,Superpowder Double Face Makeup Foundation,Clinique,2260625
24,Super Stay 24H Skin Tint + Vitamin C,Maybelline,2610824
25,RÃ©nergie Lift Makeup Lightweight Liquid Foundation SPF 27,LancÃ´me,2561672
26,Infallible Up to 32 Hour Fresh Wear Foundation,L'OrÃ©al,2538170
27,Celebration Full Coverage Powder Foundation,IT Cosmetics,2264053
28,CC+ Airbrush Perfecting Powder Foundation,IT Cosmetics,2543894
29,Fit Me Matte + Poreless Liquid Foundation,Maybelline,2282913
30,Tinted Moisturizer Natural Skin Perfector Broad Spectrum SPF 30,Laura Mercier,2560092
31,Amazonian Clay 16-Hour Full Coverage Foundation,Tarte,2581434
32,Airbrush Flawless Longwear Foundation,Charlotte Tilbury,2624530
33,Superbalanced Makeup Foundation,Clinique,2153598
34,Double Wear Stay-in-Place Matte Powder Foundation Makeup,EstÃ©e Lauder,2592082
35,ULTRA LE TEINT Ultrawear All-Day Comfort Flawless Finish Foundation,CHANEL,2585239
36,Teint IdÃ´le Ultra Wear Foundation Stick,LancÃ´me,2577708
37,Your Skin But Better Foundation + Skincare,IT Cosmetics,2568657
38,HY-GLAM Powder Foundation,NATASHA DENONA,2624364
39,Studio Radiance Serum Powered Foundation,MAC,2613961
40,Veil Hydrating Skin Tint,HOURGLASS,2611435
41,Stay-Matte Oil-Free Makeup Foundation,Clinique,2247037
42,Charlotte's Beautiful Skin Foundation,Charlotte Tilbury,2619495
43,More Than a Pretty Face Skin-Caring Foundation,Polite Society,2615146
44,Acne Solutions Liquid Makeup Foundation,Clinique,2619813
45,Teint Idole Ultra Wear Care and Glow Foundation,LancÃ´me,2598637
46,Radiant Skin Brightening Serum Skin Tint SPF 30,TULA,2598954
47,COMPLEXION RESCUE Tinted Moisturizer Mineral SPF 30,bareMinerals,2283391
48,Even Better Clinical Serum Foundation Broad Spectrum SPF 25,Clinique,2574625
49,Good Apple Full-Coverage Transfer-Proof Serum Foundation,KVD Beauty,2604575
50,4-In-1 Love Your Selfie Longwear Foundation & Concealer,PÃR,2544510
51,Even Better Refresh Hydrating and Repairing Makeup Foundation,Clinique,2541677
52,Infallible 24H Fresh Wear Foundation In A Powder,L'OrÃ©al,2575170
53,LES BEIGES Water-Fresh Tint,CHANEL,2574253
54,Always On Skin-Balancing Foundation with Hyaluronic Acid + Adaptogens,Smashbox,2610447
55,Celebration Foundation Illumination,IT Cosmetics,2269897
56,LES BEIGES Healthy Glow Foundation Hydration and Longwear,CHANEL,2571508
57,Shape Tape Cloud CC Cream Broad Spectrum SPF 15 Sunscreen,Tarte,2590218
58,PurePressed Base Mineral Foundation Refill,jane iredale,2595189
59,"Medium Coverage, Natural Finish Luminous Foundation",Anastasia Beverly Hills,2551421
60,Hydromaniac Hydrating Dewy Foundation,Urban Decay Cosmetics,2567739
61,Conceal + Perfect 2-in-1 Foundation + Concealer,Milani,2519968
62,Skin Twin Featherweight Foundation,Beautycounter,2606483
63,Lightform Extended Hydration Foundation,Morphe,2621364
64,Good Apple Skin-Perfecting Hydrating Foundation Balm,KVD Beauty,2577085
65,Real Flawless Weightless Perfecting Waterproof Foundation,Laura Mercier,2608627
66,VITALUMIÃRE AQUA Ultra-Light Skin Perfecting Sunscreen Makeup Broad Spectrum SPF 15,CHANEL,2528581
67,Double Wear Sheer Long-Wear Foundation SPF 19,EstÃ©e Lauder,2586158
68,Pretty Fresh Hyaluronic Hydrating Foundation,ColourPop,2566879
69,Amazonian Clay Blurring Powder Foundation,Tarte,2604703
70,4-in-1 Tinted Moisturizer Broad Spectrum SPF 20,PÃR,2241131
71,Double Wear Stay in Place Matte Powder Foundation Refill,EstÃ©e Lauder,2593713
72,Travel-Size Face Tape Full Coverage Foundation,Tarte,2557013
73,nan,nan,2519481
74,Instant Age Rewind Instant Perfector 4-In-1 Glow Makeup,Maybelline,2596456
75,Vanish Seamless Finish Foundation Stick,HOURGLASS,2575932
76,True Match Super-Blendable Foundation,L'OrÃ©al,2602421
77,Futurist Skin Tint Serum Foundation SPF 27,EstÃ©e Lauder,2612381
78,NÂ°1 DE CHANEL Revitalizing Foundation,CHANEL,2605425
79,LES BEIGES Water-Fresh Complexion Touch,CHANEL,2595874
80,Sweetener Foundation,r.e.m. beauty,2603299
81,Ambient Soft Glow Foundation,HOURGLASS,2599657
82,Forever Natural Nude Foundation,Dior,2604394
83,Maracuja Juicy Glow Tint,Tarte,2607571
84,PHYTO-PIGMENTS Flawless Serum Foundation,Juice Beauty,2295701
85,I Am Magic Velvety Matte Foundation,Juvia's Place,2550494
86,Original Pure Serum Radiant Natural Liquid Foundation Mineral SPF 20,bareMinerals,2611614
87,Flawless Creator Liquid Foundation Drops,Dermablend,2515171
88,Skin Fetish: Sublime Perfection Foundation,PAT McGRATH LABS,2613894
89,Double Wear Maximum Cover Camouflage Foundation For Face and Body SPF 15,EstÃ©e Lauder,2520898
90,Fit Me Dewy + Smooth Foundation,Maybelline,2225223
91,Can't Stop Won't Stop 24HR Full Coverage Matte Foundation,NYX Professional Makeup,2531978
92,Born This Way Soft Matte FoundationÂ Â,Too Faced,2627298
93,Bare With Me Blur Tint Soft Matte Foundation,NYX Professional Makeup,2601294
94,Pro Filt'r Soft Matte Powder Foundation,FENTY BEAUTY by Rihanna,2592363
95,Featuring You Hydrating Skin Enhancing Tint SPF 30,WYN BEAUTY,2622290
96,Double Wear Makeup Pump,EstÃ©e Lauder,2515746
97,Hint Hint Skin Tint,Morphe 2,2569296
98,Camo Hydrating CC Cream SPF 30,e.l.f. Cosmetics,2617546
99,Skin Silk Serum Foundation,Revolution Beauty,2618615
100,I am Magic Powder Foundation,Juvia's Place,2607291
101,Smooth Finish Foundation Powder,Laura Mercier,2586418
102,Conceal & Define Full Coverage Foundation,Revolution Beauty,2542368
103,Conceal + Perfect Smooth Finish Cream-To-Powder Foundation,Milani,2558962
104,TRUE COLOR Skin Perfecting Stick Foundation SPF 15,BLK/OPL,2579236
105,Skin Foundation Stick,BOBBI BROWN,2628927
106,Pro Matte Mixing Pigment,L.A. Girl,2540123
107,I am Magic Natural Radiance Foundation,Juvia's Place,2607324
108,Mini Halo Healthy Glow Tinted Moisturizer Broad Spectrum SPF 25,Smashbox,2596512
109,16h Cover & Last Powder Foundation,Essence,2597553
110,DATE NIGHT Skin Tint Serum Foundation,Youthforia,2613504
111,Olay Simply Ageless 3-in-1 Liquid Foundation,CoverGirl,2296380
112,High Fidelity Foundation,Exa,2573281
113,PhotoFocus Liquid Foundation,Wet n Wild,2518267
114,IRL Filter Longwear Foundation,Revolution Beauty,2597565
115,Instant Age Rewind Eraser Treatment Foundation,Maybelline,2620458
116,Age Perfect 4-in-1 Tinted Face Balm Foundation,L'OrÃ©al,2601959
117,Full Coverage 2-In-1 Foundation & Concealer,KIKO Milano,2576034
118,TruBlend Matte Made Liquid Foundation,CoverGirl,2533518
119,Illuminance Serum Tint,Revlon,2618859
120,Beyond Matte Liquid Foundation,jane iredale,2552811
121,Tinted Cover Foundation,NUDESTIX,2552723
122,Illuminance Skin-Caring Foundation,Revlon,2605534
123,Pro Coverage Liquid Foundation,L.A. Girl,2505343
124,Mattifying Powder Foundation,Burt's Bees,2518238
125,Clean Fresh Skin Milk Foundation,CoverGirl,2556829
126,Say What?! Foundation,UOMA Beauty,2593663
127,Lock-It Foundation,KVD Beauty,2570570
128,Velvet Matte Longwear Foundation,ULTA Beauty Collection,2560234
129,Keep Me Covered Long-Lasting Foundation,Essence,2603112
130,Travel Size Shape Tape Cloud Cream Broad Spectrum SPF 15 Sunscreen,Tarte,2590169
131,nan,nan,2607365
132,Sheer Skin Tinted Foundation,L.A. Girl,2581633
133,Get Real Serum Foundation,FLOWER Beauty,2577491
134,Moisturizing Complexion Stick,ULTA Beauty Collection,2620514
135,Illusion Hyaluronic Skin Tint,HOURGLASS,2575959
136,Refillable Compact,jane iredale,2595249
137,Pro.Matte Foundation,L.A. Girl,2522793
138,nan,nan,2553269
139,Camo Powder Foundation,e.l.f. Cosmetics,2597461
140,Velvet Veil Minerals Powder Foundation,ULTA Beauty Collection,2617164
141,Flawless Satin Foundation,e.l.f. Cosmetics,2554506
142,PRO Soft Focus Longwear Foundation,LORAC,2558415
143,Bio Powder Foundation,Well People,2553264
144,TRUE COLOR Mineral Matte CrÃ¨me Powder Foundation SPF 15,BLK/OPL,2578383
145,Keep Me Covered Powder,Essence,2618266
146,Studio Radiance Face And Body Radiant Sheer Foundation,MAC,2579193
147,Foundation Pump,NARS,2519621
148,TRUE COLOR Pore Perfecting CrÃ¨me Powder Foundation,BLK/OPL,2579249
149,Pore Perfecting Liquid Foundation,BLK/OPL,2578400
150,Kind Tint Tinted Serum,Pacifica,2591360
151,nan,nan,2564466
152,Skin by Mented Foundation,mented cosmetics,2578537
153,Studio Skin 24 Hour Full Coverage Waterproof Foundation,Smashbox,2552423
154,Trick and Treat CCÂ² Active Propolis Color Correcting Cream With Broad Spectrum SPF 45,Hey Honey,2563933
155,COMPLEXION RESCUE Natural Matte Tinted Moisturizer Mineral SPF 30,bareMinerals,2605209
156,Tinted Moisturizer Oil Free Natural Skin Perfector Broad Spectrum SPF 20,Laura Mercier,2581981
157,Mini CC+ Cream with SPF 50+,IT Cosmetics,2603716
158,Dream Fresh BB Cream 8-In-1 Skin Perfector,Maybelline,2247174
159,nan,nan,2306382
160,BB Cream SPF 20,Erborian,2597214
161,Perfect Lasting Foundation,VDL,2560248
162,Mini Halo Healthy Glow Tinted Moisturizer Broad Spectrum SPF 25,Smashbox,2596516
163,Mini Tinted Moisturizer Natural Skin Perfector Broad Spectrum SPF 30,Laura Mercier,2610229
164,Mini Tinted Moisturizer Oil Free Natural Skin Perfector Broad Spectrum SPF 20,Laura Mercier,2610240
165,Tinted Moisturizer Natural Skin Perfector Broad Spectrum SPF 30,Laura Mercier,2560092
166,Dew Skin Tinted Moisturizer,Beautycounter,2606458
167,Halo Healthy Glow Tinted Moisturizer Broad Spectrum SPF 25,Smashbox,2568502
168,Moisture Surge Sheertint Hydrator Broad Spectrum SPF 25 Tinted Moisturizer,Clinique,2562139
169,Hueguard Skin Tint SPF 50 Mineral Sunscreen Broad Spectrum,Live Tinted,2621475
170,Travel Size BB Cream SPF 20,Erborian,2566318
171,CC+ Cream Illumination SPF 50+,IT Cosmetics,2287681
172,CC Red Correct Green Color Corrector SPF25,Erborian,2548341
173,Radiant Skin Brightening Serum Skin Tint SPF 30,TULA,2598954
174,Moisture Surge CC Cream Hydrating Colour Corrector Broad Spectrum SPF 30,Clinique,2258299
175,Dream Pure BB Cream 8-in-1 Skin Perfector,Maybelline,2566272
176,Magic Skin Beautifier BB Cream Anti-Redness,L'OrÃ©al,2275340
177,Magic Skin Beautifier BB Cream Anti-Fatigue,L'OrÃ©al,2275341
178,Instant Age Rewind Perfector 4-In-1 Whipped Matte Makeup,Maybelline,2590459
179,Travel Size CC Cream SPF 25,Erborian,2566316
180,Pretty Fresh Hyaluronic Acid Tinted Moisturizer,ColourPop,2561451
181,CC+ Cream Natural Matte Foundation with SPF 40,IT Cosmetics,2621797
182,Pure Radiant Tinted Moisturizer SPF 30,NARS,2504411
183,CC Water with Hyaluronic Acid,Erborian,2579206
184,STEM CELLULAR CC Cream SPF 30,Juice Beauty,2561330
185,BB Blur Tinted Moisturizer Broad Spectrum SPF 30 Sunscreen,Tarte,2254185
186,Camo Hydrating CC Cream SPF 30,e.l.f. Cosmetics,2617546
187,Camo CC Cream,e.l.f. Cosmetics,2574676
188,Continuous Correction Tone-Evening CC Cream SPF 50+,Dermablend,2581037
189,Skin Trainer CC Blur,KIKO Milano,2595771
190,Studio Secrets Magic Skin Beautifier B.B. Cream,L'OrÃ©al,2246835
191,Clean Matte BB Cream,CoverGirl,2304774
192,Alight Multi-Mineral BB Cream,Pacifica,2557064
193,BB Cream with SPF 15,Burt's Bees,2306154
194,Glow Time Pro BB Cream,jane iredale,2598524
195,Beauty Balm Serum Boosted Skin Tint,Anastasia Beverly Hills,2621820
196,Skin Feels Good Hydrating Tinted Moisturizer with SPF 23,LancÃ´me,2524132
197,Strobe Dewy Skin Tint,MAC,2622240
198,Amazonian Clay BB Tinted Moisturizer Broad Spectrum SPF 20,Tarte,2220120
199,Maracuja Vegan Tinted Moisturizer,Tarte,2562236
200,4-in-1 Tinted Moisturizer Broad Spectrum SPF 20,PÃR,2241131
201,Hydromaniac Hydrating Dewy Foundation,Urban Decay Cosmetics,2567739
202,Rosilliance Tinted Moisturizer Organic Sunscreen SPF 30,COOLA,2523612
203,Tinted Moisturizer Light Revealer Natural Skin Illuminator Broad Spectrum SPF 25,Laura Mercier,2589680
204,Water DrenchÂ Broad Spectrum SPF 45 Hyaluronic Sheer Tint Moisturizer,Peter Thomas Roth,2623408
205,Skin Treat Poreless Tinted Moisturizer SPF 20,Tarte,2592227
206,Pro Longwear Liquid Correcting Concealer,MAC,2510643
207,We're Even Hydrating Longwear Concealer,FENTY BEAUTY by Rihanna,2618097
208,Studio Fix 24-Hour Smooth Wear Fluid Correcting Concealer,MAC,2532166
209,Futurist Soft Touch Brightening Skincealer Concealer,EstÃ©e Lauder,2618165
210,Pro Fix Stick Color Correcting Concealers,NYX Professional Makeup,2617411
211,Mineral Sunscreen Multi-Defense Fluid Tinted SPF 50+,AvÃ¨ne,2625801
212,Tinted Moisturizer SPF 24,ULTA Beauty Collection,2623150
213,Bare Focus Tinted Hydrator Tinted Skin Veil,Wet n Wild,2574779
214,Glow Hydrating Skin Tint,Milani,2573972
215,Mini Radiant Creamy Concealer,NARS,2569434
216,Shape Tape Full Coverage Concealer,Tarte,2501208
217,Lightweight HD Pro Creamy Concealer,L.A. Girl,2505332
218,Travel Size BB Blur Tinted Moisturizer Broad Spectrum SPF 30 Sunscreen,Tarte,2578610
219,CCC Clean Corrective with Vitamin C Tinted Moisturizer SPF 30,Honest Beauty,2571581
220,NUDESCREEN Daily Mineral Veil SPF 30,NUDESTIX,2605942
221,Dream Tint Tinted Moisturizer,jane iredale,2544951
222,White Tea Tinted Moisturizer SPF 30,Winky Lux,2606735
223,Illusion Hyaluronic Skin Tint,HOURGLASS,2575959
224,Boi-ing Cakeless Full Coverage Waterproof Liquid Concealer,Benefit Cosmetics,2548925
225,Radiant Creamy Concealer,NARS,2504450
226,Vanish Airbrush Concealer,HOURGLASS,2575916
227,Shape Tape Ultra Creamy Concealer,Tarte,2575029
228,Travel Size Shape Tape Full Coverage Concealer,Tarte,2554049
229,Hydrating Camo Concealer,e.l.f. Cosmetics,2558525
230,Bye Bye Under Eye Full Coverage Anti-Aging Waterproof Concealer,IT Cosmetics,2533871
231,Soft Matte Complete Concealer,NARS,2603381
232,Even Better All-Over Concealer + Eraser,Clinique,2567323
233,Instant Age Rewind Eraser Dark Circle Treatment Concealer,Maybelline,2547762
234,Teint IdÃ´le Ultra Wear All Over Concealer,LancÃ´me,2583109
235,Hy-Glam Concealer,NATASHA DENONA,2608808
236,Shape Tape Radiant Medium Coverage Concealer,Tarte,2610339
237,Travel Size Shape Tape Ultra Creamy Concealer,Tarte,2575553
238,Bye Bye Dark Spots Concealer + Serum,IT Cosmetics,2607706
239,ORIGINAL Liquid Mineral ConcealerÂ,bareMinerals,2600322
240,Forever Skin Correct Concealer,Dior,2605025
241,Instant Age Rewind Instant Perfector 4-In-1 Glow Makeup,Maybelline,2596456
242,I Am Magic Concealer,Juvia's Place,2551099
243,Beyond Perfecting Powder Foundation + Concealer,Clinique,2291649
244,Pro Filt'r Instant Retouch Concealer,FENTY BEAUTY by Rihanna,2592634
245,Fit Me Natural Finish Concealer,Maybelline,2225219
246,4-In-1 Love Your Selfie Longwear Foundation & Concealer,PÃR,2544510
247,Infallible Full Wear Waterproof Concealer,L'OrÃ©al,2538192
248,Boi-ing Industrial Strength Full Coverage Cream Concealer,Benefit Cosmetics,2509410
249,Maracuja Creaseless Concealer,Tarte,2529984
250,Magic Touch Medium to Full Coverage Concealer,Anastasia Beverly Hills,2584697
251,HD Pro Corrector Concealer,L.A. Girl,2505288
252,Filter Effect Soft Radiance Concealer,Morphe,2593388
253,Well-Rested Eye Brightener Broad Spectrum SPF 20,bareMinerals,2124551
254,Can't Stop Won't Stop 24HR Full Coverage Matte Concealer,NYX Professional Makeup,2538474
255,16HR Camo Concealer,e.l.f. Cosmetics,2538873
256,Bye Bye Redness Neutralizing Color-Correcting Concealer Cream,IT Cosmetics,2514627
257,Conceal + Perfect 2-in-1 Foundation + Concealer,Milani,2519968
258,Peeper Perfect Under-Eye Concealer,Winky Lux,2590489
259,Nudies Tinted Blur Foundation Stick,NUDESTIX,2526852
260,Skin Concealer Stick,BOBBI BROWN,2595312
261,Care and Glow Hydrating Serum Concealer,LancÃ´me,2615607
262,Colored Clay CC Undereye Corrector,Tarte,2276028
263,LES BEIGES Water-Fresh Complexion Touch,CHANEL,2595874
264,Beautiful Skin Medium to Full Coverage Radiant Concealer,Charlotte Tilbury,2619466
265,Quickie 24HR Full-Coverage Waterproof Concealer,Urban Decay Cosmetics,2603341
266,Pretty Fresh Hyaluronic Creamy Concealer,ColourPop,2561429
267,Studio Fix Every-Wear All-Over Face Concealer Pen,MAC,2611018
268,Conceal + Perfect Longwear Concealer,Milani,2546823
269,Quick Fix Concealer Stick,Dermablend,2208888
270,Travel Size Vanish Airbrush Concealer,HOURGLASS,2578997
271,Skin Fetish: Sublime Perfection Blurring Under Eye Powder,PAT McGRATH LABS,2613832
272,4-in-1 Sculpting Brightening Concealer,PÃR,2576925
273,Real Flawless Weightless Perfecting Serum Concealer,Laura Mercier,2619193
274,LE CORRECTEUR DE CHANEL Longwear Concealer,CHANEL,2585123
275,Skin Full Coverage Longwear Concealer,BOBBI BROWN,2597153
276,HUESKIN Serum Concealer,Live Tinted,2614727
277,MegaGlo Makeup Stick Contour,Wet n Wild,2518198
278,True Match Radiant Serum Concealer,L'OrÃ©al,2617261
279,Correct and Perfect All-In-One Color Correcting Palette,Stila,2301052
280,Born This Way Ethereal Light Illuminating Smoothing Concealer,Too Faced,2603644
281,Boi-ing Bright On Brightening Undereye Concealer,Benefit Cosmetics,2591457
282,Concealer Broad Spectrum SPF 20,bareMinerals,2124550
283,Hy-Glam Correcting Concealer,NATASHA DENONA,2609431
284,nan,nan,2510647
285,Hide & Peek Concealer,Morphe 2,2580929
286,Sweetener Concealer,r.e.m. beauty,2598565
287,Skin Treat Vegan Stick Concealer,Tarte,2590239
288,Radiant Skin Brightening Serum Concealer,TULA,2612273
289,Effacernes Waterproof Protective Undereye Concealer,LancÃ´me,2567727
290,IRL Filter Finish Concealer,Revolution Beauty,2605173
291,Shape Tape Conceal & Sculpt Duo,Tarte,2614529
292,Skin Twin Creamy Concealer,Beautycounter,2606508
293,Power Plush Longwear Concealer,KYLIE COSMETICS,2616197
294,Highlighting & Concealing Pro Pencil,Anastasia Beverly Hills,2273167
295,Pro Sculpt Concealer Palette,L.A. Girl,2611142
296,Smoothers Moisturizing Concealer Stick,CoverGirl,2161014
297,Keep Me Covered Concealer,Essence,2603009
298,TruBlend Undercover Concealer,CoverGirl,2604790
299,Travel Size Maracuja Creaseless Concealer,Tarte,2563085
300,Bright Eyes! Under Eye Stick,Essence,2618288
301,Eye Bright Concealer,Revolution Beauty,2574724
302,Bio Correct Concealer,Well People,2569076
303,Circle\Delete Concealer,jane iredale,2545045
304,NUDEFIX Cream Concealer,NUDESTIX,2568586
305,"Staysurance Water-Sealed, Zero Smudge Concealer",J.Cat Beauty,2555810
306,Full Coverage Concealer,KIKO Milano,2581182
307,DreamLit Glow Creamy Undereye Concealer,Pacifica,2604787
308,Nothing To See Soft Matte Hydrating Creamy Concealer,WYN BEAUTY,2622364
309,Get Real Serum Concealer,FLOWER Beauty,2607237
310,Light Reflecting Eye Brightener,NARS,2609672
311,LE CORRECTEUR DE CHANEL Longwear Colour Corrector,CHANEL,2585213
312,Correction Concentrate Concealer,Pixi,2612669
313,ColorStay Skin Awaken Concealer,Revlon,2590576
314,Mini NUDEFIX Cream Concealer,NUDESTIX,2605952
315,Light Illusion Full Coverage Concealer,FLOWER Beauty,2524996
316,Universal Stick Concealer,KIKO Milano,2581428
317,Active Light Under-Eye Concealer,jane iredale,2545120
318,Travel Size The Original Photo Finish Smooth & Blur Oil-Free Primer,Smashbox,2588001
319,One Step Correct Brightening & Correcting Primer,Stila,2568596
320,Honestly Bright Eyes Tinted Eye Cream,Honest Beauty,2570957
321,Stay Woke Concealer,UOMA Beauty,2593686
322,Inner Glow Serum Concealer,ULTA Beauty Collection,2621060
323,Clean Fresh Hydrating Concealer,CoverGirl,2561984
324,Simply Ageless Triple Action Concealer,CoverGirl,2597532
325,Complexion Crush Full Coverage Concealer,ULTA Beauty Collection,2617686
326,PRO Soft Focus Longwear Concealer,LORAC,2558409
327,I am Magic Mini Concealer,Juvia's Place,2587645
328,nan,nan,2567559
329,nan,nan,2564447
330,Conceal To Reveal 3-in-1 Coverage Palette,Undone Beauty,2607952
331,Unseen Sunscreen SPF 40,Supergoop!,2589386
332,Blurring & Moisturizing Filter Primer,TULA,2580280
333,Jelly Pop Dew Primer,e.l.f. Cosmetics,2614066
334,Power Grip Primer,e.l.f. Cosmetics,2591795
335,The Original Photo Finish Smooth & Blur Oil-Free Primer,Smashbox,2233964
336,Vitamin Enriched Face Base Moisturizer & Primer with Vitamin C + Hyaluronic Acid,BOBBI BROWN,2583728
337,The POREfessional Pore Minimizing Primer,Benefit Cosmetics,2219868
338,Power Grip Primer + 4% Niacinamide,e.l.f. Cosmetics,2604932
339,Hangover 3-In-1 Replenishing Primer & Setting Spray,Too Faced,2513749
340,Mineral Mattescreen SPF 40,Supergoop!,2589388
341,La Base Pro Oil-Free Longwear Makeup Primer,LancÃ´me,2235646
342,All Nighter Face Makeup Primer,Urban Decay Cosmetics,2556532
343,The POREfessional Pore Minimizing Primer Mini,Benefit Cosmetics,2274978
344,Liquid Poreless Putty Primer,e.l.f. Cosmetics,2617744
345,Supersize Blurring & Moisturizing Filter Primer,TULA,2580960
346,Veil Mineral Primer,HOURGLASS,2572601
347,Instant FIRMx No Filter Primer,Peter Thomas Roth,2603439
348,"Hueguard 3-in-1 Mineral Sunscreen, Moisturizer, Primer SPF 30",Live Tinted,2588656
349,Invisible UV Flawless Primer SPF 50,Charlotte Tilbury,2619504
350,Skinperfect Primer SPF 30,Dermalogica,2247896
351,Marshmellow Smoothing Face Primer,NYX Professional Makeup,2572969
352,Photo Finish Control Mattifying Primer,Smashbox,2588008
353,Plump Right Back Electrolytes Plumping Primer Serum,NYX Professional Makeup,2590545
354,nan,nan,2620841
355,Your Skin But Better Makeup Primer+ Oil-Free,IT Cosmetics,2576557
356,Even Better Pore Defying Primer,Clinique,2608125
357,Plump & Prime Face Plumping Primer Serum,Too Faced,2568794
358,Photo Finish Primerizer+ Hydrating Primer with Hyaluronic Acid,Smashbox,2588004
359,Light Reflecting Hydrating Primer,NARS,2624149
360,Pro Filt'r Hydrating Primer,FENTY BEAUTY by Rihanna,2592265
361,Pores No More Pore Refiner Primer,Dr. Brandt,2244354
362,PRIME TIME Original Pore-Minimizing Primer,bareMinerals,2605423
363,Studio Fix Mattifine 12hr Shine Control Matte Primer,MAC,2587732
364,Hangover Replenishing Face Primer,Too Faced,2276375
365,Vanish Airbrush Primer,HOURGLASS,2592604
366,Futurist Aqua Brilliance Watery Glow Primer,EstÃ©e Lauder,2568222
367,Flawless Concealer,BLK/OPL,2578393
368,Studio Radiance Moisturizing + Illuminating Primer,MAC,2593996
369,Pro Filt'r Mattifying Primer,FENTY BEAUTY by Rihanna,2592269
370,Line BlurFector Instant Wrinkle Blurring Primer,StriVectin,2521285
371,Double Duty Beauty Base Tape Hydrating Primer,Tarte,2538321
372,Pore Filler Blurring Face Primer,NYX Professional Makeup,2572967
373,Instant Smooth Perfecting Touch Makeup Primer,Clarins,2200427
374,Prep + Prime Fix+ Primer and Setting Spray,MAC,2510684
375,Brightening Concealer,BLK/OPL,2597632
376,Clean Matte Concealer,CoverGirl,2533545
377,nan,nan,2579049
378,Timeless Smoothing Face Makeup Primer,Tarte,2276063
379,Milk Primer SPF 35 3-in-1 Daily Defense Sunscreen & Makeup Perfecter,Beekman 1802,2577634
380,Photo Finish Correct Anti-Redness Primer,Smashbox,2588006
381,Prep + Prime Fix+ Primer and Setting Spray - Matte Finish,MAC,2527130
382,nan,nan,2529475
383,PHYTO-PIGMENTS Illuminating Primer,Juice Beauty,2295555
384,Poresaver Matte Makeup Primer,Dermablend,2551259
385,PRIME TIME Hydrate & Glow Primer,bareMinerals,2605424
386,Forever Glow Veil Makeup Primer,Dior,2611696
387,Hy-Gen Energizing & Hydrating Primer Serum,NATASHA DENONA,2606196
388,Poreless Mattifying Vegan Face Makeup Primer,Tarte,2507360
389,Prep + Prime Skin,MAC,2510725
390,Pure Canvas Primer Blurring,Laura Mercier,2622821
391,Photo Finish Oil-Free Pore Minimizing Primer,Smashbox,2276581
392,Face Tape Smoothing Primer,Tarte,2596680
393,Underglow Blurring Subtle Glow Primer,ICONIC LONDON,2602140
394,All Nighter Extra Glow Makeup Primer,Urban Decay Cosmetics,2567750
395,Wonderglow Face Primer,Charlotte Tilbury,2619577
396,Poreless Face Primer - Large,e.l.f. Cosmetics,2520944
397,Travel Size One Step Correct Brightening & Correcting Primer,Stila,2513292
398,Even Better Light Reflecting Primer,Clinique,2607978
399,Travel Size Photo Finish Oil-Free Pore Minimizing Primer,Smashbox,2531518
400,Smooth Affair Facial Primer & Brightener,jane iredale,2545118
401,nan,nan,2528101
402,"Hello, Good Stuff! Glow Serum Primer",Essence,2597549
403,PRIME TIME Redness Reducing Primer,bareMinerals,2605426
404,nan,nan,2556822
405,Redness Solutions Daily Protective Base Broad Spectrum SPF 15 Primer,Clinique,2157844
406,Prep + Prime Natural Radiance Primer,MAC,2510688
407,Travel Size Hangover Replenishing Face Primer,Too Faced,2307398
408,Photo Finish Illuminate Glow Primer,Smashbox,2588002
409,Studio Perfect Color Correcting Primer in Green,NYX Professional Makeup,2226206
410,Baby Skin Instant Pore Eraser Primer,Maybelline,2268948
411,Pure Canvas Primer Illuminating,Laura Mercier,2622819
412,Velvet Skin Coat Makeup Primer,DHC,2544346
413,Superfood Glow Priming Moisturiser,ELEMIS,2577527
414,Blot & Blur Matte Stick,NUDESTIX,2598342
415,Bare With Me Aloe & Cucumber Extract Primer & Setting Spray,NYX Professional Makeup,2542640
416,Anti-Wrinkle Miracle Worker+ Line Correcting Primer,Philosophy,2535877
417,Brighten Up Smoothing Primer Gel,TULA,2561085
418,Travel Size Photo Finish Correct Anti-Redness Primer,Smashbox,2588007
419,Studio Perfect Face Primer in Clear,NYX Professional Makeup,2226205
420,PRIME TIME Daily Protecting Primer Mineral SPF 30,bareMinerals,2605427
421,Forever Velvet Veil Matte Primer,Dior,2611697
422,Angel Veil Lightweight Skin Perfecting Vegan Primer,NYX Professional Makeup,2276419
423,The POREfessional Lite Ultra-lightweight Face Primer,Benefit Cosmetics,2588477
424,PREGAME Daily Protective Primer,Youthforia,2602250
425,Skin Fetish: Sublime Perfection Primer,PAT McGRATH LABS,2613929
426,Shine Killer Charcoal Infused Mattifying Primer,NYX Professional Makeup,2572977
427,Travel Size Base Tape Hydrating Primer,Tarte,2552462
428,Futurist Peptide-Power Serum Primer,EstÃ©e Lauder,2611275
429,Honeydew Me Up Plumping Dewy Face Primer,NYX Professional Makeup,2572964
430,Supercharged Dewy Skin Primer,Milani,2574046
431,LA BASE ILLUMINATRICE Glowing Makeup Primer,CHANEL,2614632
432,nan,nan,2613440
433,Retinol Face Stick with Encapsulated Retinol,Peace Out,2607968
434,Hyaluronic Boost Primer Serum,ULTA Beauty Collection,2599421
435,nan,nan,2580284
436,Jumbo Vanish Airbrush Primer,HOURGLASS,2610656
437,No Makeup Instant Blur,Perricone MD,2541771
438,nan,nan,2282890
439,Putty Primer Trio,e.l.f. Cosmetics,2571848
440,nan,nan,2282888
441,Smooth Affair Illuminating Glow Face Primer,jane iredale,2585582
442,Poreless Face Primer - Small,e.l.f. Cosmetics,2534876
443,Matte Cream Mattifying & Blurring Primer,Erborian,2624329
444,4-in-1 Correcting Primer Redness Reducer,PÃR,2531397
445,Vegan Collagen Skin Solve Hydrating & Blurring Primer,Pacifica,2582149
446,Prime Lab Up to 24H Pore Minimizer,L'OrÃ©al,2603537
447,SPF BFF SPF30 Face Primer,Milani,2573978
448,Banana Bright Illuminating Face Primer with Vitamin C,OLEHENRIKSEN,2617225
449,The POREfessional Lite Ultra-lightweight Face Primer Mini,Benefit Cosmetics,2588476
450,Tone Adjusting Face Primer,e.l.f. Cosmetics,2520963
451,Equalizer Soft-Focus Foundation Primer,Morphe,2581142
452,Jelly Grip Hydrating Primer,Essence,2625436
453,Pro-Collagen Insta-Smooth Primer,ELEMIS,2577521
454,Glowy Vitamin C Skin Solve Face Primer,Pacifica,2604781
455,Prime Lab Up to 24H Redness Eraser,L'OrÃ©al,2603538
456,Mini Hollywood Blush & Glow Palette,Charlotte Tilbury,2619555
457,Rose Cheek Duo - Cream Blush and Highlighter,NATASHA DENONA,2608438
458,Maneater Satin Blush Cheek Plump,Tarte,2617931
459,Photo Finish Resurface Primer with Glycolic Acid,Smashbox,2621549
460,Hydro Boost Glow Primer + Serum,Neutrogena,2570097
461,Pink Primer & Care,Erborian,2572838
462,Smooth Affair Mattifying Face Primer,jane iredale,2600210
463,Prep+Brighten Rose Face Oil,Milani,2536451
464,nan,nan,2579753
465,Travel Size Photo Finish Illuminate Glow Primer,Smashbox,2588003
466,No Pore Zone Mattifying Face Primer,Milani,2573977
467,Acne Fighting Putty Primer,e.l.f. Cosmetics,2582577
468,Mini Pure Canvas Primer Blurring,Laura Mercier,2624822
469,Lunar Magic Blurring Primer,r.e.m. beauty,2598605
470,Lock-It Pore-Refining Primer,KVD Beauty,2604558
471,Matte Putty Primer,e.l.f. Cosmetics,2558545
472,Skin Quench Hydrating Face Primer,Milani,2573979
473,Bright Maker Brightening Primer,NYX Professional Makeup,2583782
474,Prime Lab Up to 24H Matte Setter,L'OrÃ©al,2603562
475,Velvet Smooth Pore-Refining Primer,ICONIC LONDON,2623403
476,Mind Over Matte-r Oil Blotting Stick,florence by mills,2613114
477,Pore Filler Primer Targeted Blurring Stick,NYX Professional Makeup,2583801
478,Moisturizing Primer Spray,ULTA Beauty Collection,2569353
479,Stay Cool Primer Stick,e.l.f. Cosmetics,2622901
480,Perfecting Blendrops SPF 40 Priming Drops,BeautyBio,2620681
481,Pretty Fresh Hydrating Hyaluronic Acid Primer,ColourPop,2561410
482,Simply Ageless Anti Aging Foundation Primer,CoverGirl,2218412
483,On-Set Essentials: Primer + Setting Spray Trio,Smashbox,2606440
484,All About The Blur Blurring & Smoothing Primer,Stila,2603688
485,Travel Size NÂº 28 Primer Serum,HOURGLASS,2576209
486,Bright Side Illuminating Face Primer,Milani,2573980
487,Supernova Celestial Skin Elixir,FLOWER Beauty,2533044
488,Matte Face Base,KIKO Milano,2576111
489,nan,nan,2597881
490,Pore Blur Primer,Revolution Beauty,2542378
491,Travel Size Photo Finish Resurface Primer with Glycolic Acid,Smashbox,2621550
492,Hydrating Face Primer - Small,e.l.f. Cosmetics,2500464
493,Illuminizing Blendrops SPF 40 Priming Drops,BeautyBio,2620685
494,Blemish Control Face Primer,e.l.f. Cosmetics,2520969
495,Pro Prep HD Face Primer,L.A. Girl,2504751
496,Instant Finish Tinted Primer,L.A. Girl,2618824
497,Brilliant Base Illuminating Primer,Dermablend,2595006
498,Bio Brightener Priming Serum,Well People,2596721
499,Skin Smoothie Radiant Glow Primer,FLOWER Beauty,2607234
500,PhotoReady Rose Glow Face Mist,Revlon,2574548
501,TruBlend Skin Enhancer Velvet Blur Primer,CoverGirl,2625953
502,PRO Skin Glass Skin Primer,LORAC,2558400
503,No Makeup Instant Blur Priming Moisturizer,Perricone MD,2614701
504,All About Blur! Even Skin Balm,Essence,2618292
505,Revolution PRO Blur Stick Universal Face Primer,Revolution Beauty,2547114
506,Hydra Touch Centella Extract Infused Hydrating Primer,NYX Professional Makeup,2583783
507,The POREfessional Pore Minimizing Primer Limited Edition,Benefit Cosmetics,2620847
508,Dewy Barrier Hydrating Stick,NUDESTIX,2620590
509,All About The Blur Instant Blurring Stick,Stila,2603689
510,Dewy Canvas Prep Moisturizer + Primer,LORAC,2579579
511,nan,nan,2602996
512,TruBlend Skin Enhancer Plush Plump Primer,CoverGirl,2625952
513,Prime Focus Impossible Primer,Wet n Wild,2574457
514,PRO Skin Mattifying Primer,LORAC,2558428
515,Matte Veil Matte Face Primer,ULTA Beauty Collection,2617151
516,Mattifying Face Primer,J.Cat Beauty,2509749
517,SkinLights Prismatic Bronzer,Revlon,2557078
518,Murumuru Butter Bronzer Palette,Physicians Formula,2571845
519,nan,nan,2584372
520,Luminous Putty Bronzer,e.l.f. Cosmetics,2604935
521,CactiCali Make Up Starter Set,Petite n Pretty,2623911
522,Photo Focus Face Primer,Wet n Wild,2518307
523,nan,nan,2602997
524,C-Brightening Putty Primer,e.l.f. Cosmetics,2597546
525,Pro Prep HD Color Correcting Face Primer,L.A. Girl,2566864
526,Skin Smoothie Power Matte Primer,FLOWER Beauty,2607233
527,Skin Smoothie Hydro Pop Primer,FLOWER Beauty,2607232
528,TruBlend Skin Enhancer Sticky Grip Primer,CoverGirl,2625955
529,Prime Focus Brightening Primer Serum,Wet n Wild,2589823
530,nan,nan,2597882
531,All A Blur Pore-Perfecting Stick,Morphe 2,2604612
532,PhotoReady Rose Glow Face Gloss,Revlon,2574503
533,Prime & Glow Face Illuminator Licorice Extract Pink,J.Cat Beauty,2564795
534,nan,nan,2604782
535,Blush,BOBBI BROWN,2615813
536,DreamStick Cream Blush,Persona,2600659
537,Fit Me Blush,Maybelline,2510253
538,nan,nan,2606445
539,Studio Perfect Color Correcting Primer in Lavender,NYX Professional Makeup,2226207
540,Erase Base Blemish Control Primer,Milani,2605151
541,Colour Correct Primer,Revolution Beauty,2542387
542,Red Rescue Color Correcting Face Primer,ULTA Beauty Collection,2617158
543,Hydrate Primer,Revolution Beauty,2542376
544,Angel Aura Face Serum Primer,NABLA,2601537
545,Instant Skin Brightening Tone-Up H2O Shield Primer,J.Cat Beauty,2594562
546,"Hello, Good Stuff! Skin Refining Primer",Essence,2597534
547,Cool & Glow Face Primer,ULTA Beauty Collection,2623137
548,THE GIRLFRIEND - Skincare + Makeup Primer,THE ROUTE,2558183
549,Buttermelt Pressed Powder Blush,NYX Professional Makeup,2624632
550,Blurring Putty Primer - Poreless,L.A. Girl,2619159
551,Prime Time Makeup Primer Spray,J.Cat Beauty,2526409
552,nan,nan,2604013
553,Prime Lab Up to 24H Dullness Reducer,L'OrÃ©al,2603539
554,Trippin Smooth Primer,UOMA Beauty,2597862
555,Travel Size Matte Cream Mattifying & Blurring Primer,Erborian,2624580
556,Liquid Lip Blush & Cheek Tint,Benefit Cosmetics,2547730
557,Limited Edition Pop Lip + Cheek Oil in Black Honey,Clinique,2626706
558,Good To Go Mini Mix Face Palette,Ofra Cosmetics,2620022
559,nan,nan,2620472
560,Glow Seeker Powder Highlighter,Anastasia Beverly Hills,2615256
561,Infallible Up to 24H Highlighter,L'OrÃ©al,2625515
562,Prime & Glow Face Illuminator Coconut Extract Blue,J.Cat Beauty,2564796
563,nan,nan,2538316
564,Supernova Celestial Priming Whip,FLOWER Beauty,2594849
565,The POREfessional Matte Pore Minimizing Primer,Benefit Cosmetics,2628402
566,nan,nan,2527755
567,Camo Liquid Blush,e.l.f. Cosmetics,2617738
568,Blush,NARS,2621261
569,Blushed Duo,Juvia's Place,2583745
570,Huephoric Rush 3-in-1 Silk Blush,Morphe,2625272
571,On-the-Glow Blush Tinted Moisture Stick,Pixi,2598116
572,Baked Blush - Radiant Powder Blush,Milani,2519994
573,Mineralize Powder Blush,MAC,2519160
574,WANDERful World Silky-Soft Powder Blush Mini,Benefit Cosmetics,2595635
575,Cheek Pop Blush,Clinique,2271486
576,Powder Blush,MAC,2510860
577,Afterglow Liquid Blush,NARS,2617037
578,Highlight & Contour Pro Face Palette,NYX Professional Makeup,2284091
579,Illuminator Liquid Shimmer Highlighter Drops,ICONIC LONDON,2536943
580,Your Most Beautiful You Anti-Aging Face Palette,IT Cosmetics,2264091
581,Conceal & Define Full Coverage Concealer,Revolution Beauty,2536471
582,Shape Tape Glow Blush Bar,Tarte,2622622
583,Cheeks Out Freestyle Cream Blush,FENTY BEAUTY by Rihanna,2592449
584,Glow Play Cushiony Blush,MAC,2626256
585,What A Tint! Lip & Cheek Tint,Essence,2603018
586,Amazonian Clay 12-Hour Blush,Tarte,2618995
587,Blurring Serum Blush,Anastasia Beverly Hills,2624270
588,Matte Beauty Blush Wand,Charlotte Tilbury,2619515
589,Blush Tape Liquid Blush,Tarte,2610305
590,"The Multiple Cream Blush, Lip and Eye Stick",NARS,2503563
591,GEN NUDE Highlighting Blush,bareMinerals,2611433
592,Sunkisser Multi-Use Liquid Blush,Maybelline,2624893
593,Chubby Stick Cheek Colour Balm Blush,Clinique,2276489
594,Pressed Powder Blush,ColourPop,2609193
595,Lumi Le Liquid Blush,L'OrÃ©al,2625628
596,Cheek To Chic Blush,Charlotte Tilbury,2619322
597,Blushing Blush Powder Blush,Clinique,2153764
598,Glow with Confidence Sun Cream Blush,IT Cosmetics,2621808
599,Cheeky Rose Liquid Blush,Winky Lux,2618682
600,Cotton Candy Skies Midi Palette,Ofra Cosmetics,2620021
601,COMPLEXION RESCUE Liquid Highlighting Blush,bareMinerals,2623838
602,Blushed Liquid Blush,Juvia's Place,2609909
603,Polite Pops Powder Blush Stick,Polite Society,2620618
604,NUDIES MATTE All Over Face Blush Color,NUDESTIX,2584256
605,Soft-Pressed Powder Blusher,Clinique,2223180
606,Monochromatic Multi-Stick,e.l.f. Cosmetics,2614086
607,GEN NUDE BLONZER Blush + Bronzer,bareMinerals,2594966
608,Just Kissed Lip and Cheek Stain,jane iredale,2544987
609,Blush & Bronze Hydro-Blur Cheek Duo,Stila,2617460
610,Hot Shot Blush Drops,Morphe,2627537
611,BYO BLUSH Color Changing Blush Oil,Youthforia,2602248
612,Powder Blush Palette,e.l.f. Cosmetics,2535584
613,Maneater Blush & Glow Cheek Plump,Tarte,2586348
614,LES BEIGES Water-Fresh Blush,CHANEL,2595875
615,nan,nan,2567767
616,Superdewy Liquid Blush,Revolution Beauty,2583413
617,nan,nan,2624663
618,Butter Dream Team Palette,Physicians Formula,2593962
619,Sweet Cheeks Soft Cheek Tint Blush,NYX Professional Makeup,2565838
620,Unlimited Blush,KIKO Milano,2595747
621,Cheek Squad Cream Face Trio,ULTA Beauty Collection,2599123
622,Cheek Freak Blush Balm,about-face,2599827
623,Gel Crush Lip & Cheek,FLOWER Beauty,2597110
624,Cream to Powder Blurring Blush Stick,ICONIC LONDON,2623456
625,Bright Light Blush Drops,Revolution Beauty,2625731
626,Luminous Putty Blush,e.l.f. Cosmetics,2601104
627,Wonder Stick Cream Blush Contour Stick,NYX Professional Makeup,2595212
628,PRO Contour Palette with Contour Brush,LORAC,2288835
629,Cloud Crush Blurring Blush,Too Faced,2603637
630,Blush Subtil Oil-Free Powder Blush,LancÃ´me,2235623
631,Glowing Cheeks Blush & Highlight Duo,Tarte,2622793
632,Pot Rouge Blush for Lips & Cheeks,BOBBI BROWN,2583677
633,GEN NUDE Powder Blush,bareMinerals,2599451
634,Cream Stick Blush with Brush Applicator,Anastasia Beverly Hills,2583309
635,Blushed Liquid Blushlighter,Juvia's Place,2618633
636,NÂ°1 DE CHANEL Lip and Cheek Balm,CHANEL,2589667
637,Cheek Kiss Cream Blush,Milani,2573984
638,Hypernova Satin Matte Blush,r.e.m. beauty,2613119
639,"All-Inclusive Eye, Cheek & Face Palette",Milani,2590468
640,Ambient Lighting Blush,HOURGLASS,2575935
641,Hydrating Blush Stix,ColourPop,2550458
642,Blush Color Infusion,Laura Mercier,2560026
643,Powder Blush Stick,KYLIE COSMETICS,2623998
644,Rouge Blush,Dior,2612232
645,nan,nan,2567618
646,Dandelion Twinkle Soft Nude-Pink Powder Highlighter Mini,Benefit Cosmetics,2595645
647,Bye Bye Pores Blush,IT Cosmetics,2514621
648,nan,nan,2606449
649,NUDIES BLOOM All Over Dewy Face Color,NUDESTIX,2585202
650,Plump Shot Collagen Peptides Advanced Plumping Cream Blush,Buxom,2618550
651,Eclipse Cheek & Lip Stick,r.e.m. beauty,2595436
652,Quad Goals Multi-Palette,Morphe 2,2585074
653,Rose Powder Blush,Milani,2529585
654,Value Size Liquid Lip Blush & Cheek Tint,Benefit Cosmetics,2620380
655,Baby Got Blush,Essence,2603000
656,Convertible Color Lip & Cheek Cream Blush,Stila,2153892
657,PurePressed Blush,jane iredale,2596240
658,nan,nan,2620489
659,Berry Pop Cheek Trio,NATASHA DENONA,2620853
660,Good Apple Blush Balm Duo,KVD Beauty,2621127
661,nan,nan,2592765
662,Primer-Infused Blush,e.l.f. Cosmetics,2538875
663,Perk Up Cheek & Lip Color,Morphe 2,2585069
664,Ambient Strobe Lighting Blush,HOURGLASS,2575861
665,Baby Got Blush Liquid Blush,Essence,2625489
666,Blush with Vitamin E,Burt's Bees,2518244
667,Baby Nude Skin 2-PC NUDIES Kit,NUDESTIX,2568578
668,RoseGlow Blush Color Infusion,Laura Mercier,2599543
669,Gel Color Lip + Cheek Balm,NUDESTIX,2508135
670,Sweet & Sunny Cheeks 2-Piece NUDIES Kit,NUDESTIX,2605949
671,Blush Bomb Color Drops,FLOWER Beauty,2533034
672,Color Source Buildable Blush,LORAC,2296926
673,Blush Bomb Cream Blusher,Revolution Beauty,2607064
674,Go Flush Yourself Blush & Highlight Face Palette,Polite Society,2615144
675,Playdate Glow Multi-Use Cheek + Lip,af94,2619244
676,Ultralight Liquid Blush,FLOWER Beauty,2617300
677,Silky Tint Creamy Multitasking Stick,PÃR,2620460
678,Blush-Mallow Soft Blusher,J.Cat Beauty,2564789
679,JOUES CONTRASTE Powder Blush,CHANEL,2579895
680,Lip & Cheek Glow,Charlotte Tilbury,2619522
681,Cheek Kiss Liquid Blush,Milani,2557340
682,Skin Fetish Divine Blush,PAT McGRATH LABS,2613913
683,Pure Nude Baked Blush,Essence,2603025
684,My Mini Dream Glow Blush,NATASHA DENONA,2620729
685,Flower Pots Powder Blush,FLOWER Beauty,2596333
686,Divine Cream Blush: Legendary Glow Colour Balm,PAT McGRATH LABS,2613842
687,True Match Super Blendable Blush,L'OrÃ©al,2114143
688,100% Natural All Aglow Lip & Cheek Stick,Burt's Bees,2537402
689,Blush Crush!,Essence,2625486
690,Intense Matte Lip + Cheek Pencil,NUDESTIX,2508147
691,"My Dream Cheek Trio - Cream Blush, Glow Cream Base and Glow Powder Highlighter",NATASHA DENONA,2606185
692,Cheek Kiss Cream Blush Trio,Milani,2590469
693,Powder Blush,Revlon,2501393
694,Supercharged Cheek + Lip Multistick,Milani,2574037
695,Unconditional Mini Mix Face Palette,Ofra Cosmetics,2620023
696,Sheer Blush Natural Cream Blusher,ICONIC LONDON,2563077
697,Cheeky Rose Cream Blush,Winky Lux,2578873
698,Blush Beam Cream Blush,ULTA Beauty Collection,2603445
699,Super Blush,Persona,2596550
700,Just Blushing Powder,L.A. Girl,2505272
701,Sweet Cheeks Creamy Powder Blush (Matte),NYX Professional Makeup,2559859
702,Blusher Reloaded,Revolution Beauty,2547124
703,Love Struck Blusher + Bronzer,J.Cat Beauty,2296116
704,9021-Glow! Eye & Cheek Palette,Petite n Pretty,2555892
705,Halo Sheer To Stay Cream Cheek + Lip Tint,Smashbox,2598375
706,Beetroot Cheek & Lip Tint,Ere Perez,2588787
707,Good To Go Mini Mix Face Palette,Ofra Cosmetics,2620022
708,Pyramid Pigments Cheek Color,FLOWER Beauty,2565022
709,Roseglow Highlighting Powder,Laura Mercier,2584989
710,WhimsiCali Eye & Cheek Palette,Petite n Pretty,2584994
711,Vintage Lace Blush Palette,Revolution Beauty,2547121
712,No Makeup Gel-Cream Blush,Perricone MD,2541775
713,Butter Believe it! Blush,Physicians Formula,2592826
714,Puff Paint Liquid Blush,NATASHA DENONA,2606193
715,nan,nan,2592764
716,Playdate Multi-Use Cheek + Lip Color,af94,2619236
717,Mood Glow Color Shifting pH Blush Balm,Pacifica,2611591
718,Velvet Contour Stick Blush,L.A. Girl,2614395
719,nan,nan,2615423
720,Everlasting Refillable Blush,KVD Beauty,2571837
721,ModCon Liquid-Gel Blush,KVD Beauty,2580294
722,Cheek Dew Hydrating Serum Blush,ColourPop,2592762
723,Hoola Matte Powder Bronzer Mini,Benefit Cosmetics,2595641
724,Hoola Matte Powder Bronzer,Benefit Cosmetics,2595640
725,Ambient Lighting Palette,HOURGLASS,2572721
726,Clay Play To-Go Cheek Palette,Tarte,2596620
727,Velvet Touch Creamy Stick Blush,KIKO Milano,2576104
728,Loose Mineral Blush,bareMinerals,2599467
729,Infallible 24H Fresh Wear Soft Matte Blush,L'OrÃ©al,2610772
730,nan,nan,2567766
731,Extra Dimension Hybrid Cream Powder Blush,MAC,2510923
732,NUDIES Matte + Glow Core All Over Face Blush Color,NUDESTIX,2613360
733,Cheek Fluff Soft Blur Cream Blush,HALF MAGIC,2611505
734,Butter Glow Bronzer & Blush - Healthy Glow,Physicians Formula,2620546
735,CrÃ¨me Cheek Blush,Honest Beauty,2587752
736,Tinted Moisturizer Cream Blush,Laura Mercier,2594667
737,nan,nan,2609225
738,nan,nan,2593140
739,Glow Time Blush Stick,jane iredale,2583449
740,2 In 1 Piece Of Cake Blush + Highlighter,J.Cat Beauty,2619754
741,Huestick Multistick,Live Tinted,2588688
742,Matte Monoi Butter Blush,Physicians Formula,2592825
743,Complete Harmony Lip & Cheek Stick,Stila,2563327
744,Skin Perfecting Powder Blushing Act Matte Blush,PÃR,2560675
745,Carrot Colour Pot,Ere Perez,2588778
746,Electric Glow Colour Changing Lip & Cheek Oil,Essence,2611070
747,CactiCali Make Up Starter Set,Petite n Pretty,2623911
748,Bronze Goddess Powder Bronzer,EstÃ©e Lauder,2583108
749,Travel Size Amazonian Clay Waterproof Bronzer,Tarte,2554638
750,Bronze + Glow Drops with Niacinamide,First Aid Beauty,2620682
751,Multi-Use Lip and Cheek Cream Palette,ICONIC LONDON,2608766
752,Fluffy Blushy,Pacifica,2591366
753,Flushed Powder Blush,ULTA Beauty Collection,2617180
754,Bienvenidos A Miami Mini Mix Face Palette,Ofra Cosmetics,2620024
755,nan,nan,2580766
756,nan,nan,2625086
757,Laguna Bronzing Cream,NARS,2595858
758,Bye Bye Pores Bronzer,IT Cosmetics,2527643
759,"All-Inclusive Eye, Cheek & Face Palette",Milani,2590468
760,Blush & Bronze Hydro-Blur Cheek Duo,Stila,2617460
761,Two Reasons Blush Duo,NABLA,2616732
762,Effervescence Extra Dimension Face Compact,MAC,2601094
763,Hot Shot Sun Drops,Morphe,2627543
764,Natural-Looking Matte Powder Bronzer,Anastasia Beverly Hills,2523785
765,MVP: Most Versatile Pigment Multifunction Lip & Cheek Color,WYN BEAUTY,2622299
766,Cheek Kiss Cream Bronzer,Milani,2617876
767,Cheeky Pop Blush Stick,florence by mills,2613108
768,Strawberry Jam Blush,Physicians Formula,2594989
769,Silk Glow Duo Blush & Highlight Gel-Powders,ICONIC LONDON,2594948
770,Maneater Silk Stick Blush,Tarte,2610303
771,Sheer Cheek Gel,Pixi,2583892
772,Dream Land Makeup Starter Set,Petite n Pretty,2616526
773,TruBlend So Flushed High Pigment Blush,CoverGirl,2566086
774,Bronzer Powder,BOBBI BROWN,2615774
775,Rice Powder Blush Duo,Ere Perez,2588777
776,Blush Trio Palette,ULTA Beauty Collection,2620169
777,Buttermelt Pressed Powder Natural Finish Bronzer,NYX Professional Makeup,2623793
778,ALL-OVER FACE COLOR Loose Bronzer,bareMinerals,2207054
779,Chocolate Soleil Matte Bronzer,Too Faced,2526288
780,Amazonian Clay Waterproof Bronzer,Tarte,2220039
781,Sun & Done Smooth-Gliding Bronzer Stick,Morphe 2,2618540
782,Sculpt & Glow Baked Face Palette,ULTA Beauty Collection,2617768
783,9021-Glow! Cheek & Highlighter Duo,Petite n Pretty,2555734
784,MegaGlo Blushlighter,Wet n Wild,2559287
785,Soft Matte Cream Blush,L.A. Girl,2592097
786,Baby Got Bronze Bronzing Stick,Essence,2610788
787,Matte Contour and Sculpt Cream Bronzer,Anastasia Beverly Hills,2583192
788,Laguna Bronzer Powder Talc-Free,NARS,2608918
789,Butter Bronzer Murumuru Butter Bronzer,Physicians Formula,2294340
790,On-the-Glow Bronze Tinted Moisture Stick,Pixi,2604780
791,Key Largo Glow Drops,Tarte,2618997
792,Sun Bunny Natural Bronzer,Too Faced,2526210
793,Mini Filmstar Bronze & Glow,Charlotte Tilbury,2619620
794,Pink Blush & Nude Bronze 2 Piece Mini Kit,NUDESTIX,2609683
795,Pure Color Envy Sculpting Blush Refill,EstÃ©e Lauder,2593752
796,Megaglo Makeup Stick,Wet n Wild,2620918
797,Double Take Skin Perfection Blush Duo,UOMA Beauty,2600950
798,nan,nan,2604018
799,Dior Forever Natural Bronzer,Dior,2604293
800,Butter Dream Team Palette,Physicians Formula,2593962
801,Sun Stalk'r Instant Warmth Bronzer,FENTY BEAUTY by Rihanna,2592467
802,LES BEIGES Healthy Glow Bronzing Cream,CHANEL,2570348
803,Beautiful Skin Sun-Kissed Glow Cream Bronzer,Charlotte Tilbury,2619295
804,Bronzed Duo,Juvia's Place,2583490
805,Airbrush Matte Bronzer,Charlotte Tilbury,2619611
806,Blushful Mini Mix Face Palette,Ofra Cosmetics,2620020
807,Amazonian Clay Matte Waterproof Bronzer,Tarte,2500762
808,True Bronze Pressed Powder Bronzer,Clinique,2153824
809,NUDIES MATTE All Over Face Bronze Color,NUDESTIX,2560756
810,Bronzed Cream Bronzer,Juvia's Place,2614997
811,Ambient Lighting Bronzer,HOURGLASS,2575906
812,Skinfinish Sunstruck Matte Bronzer Powder,MAC,2609356
813,Silky Matte Bronzing Powder,Milani,2539464
814,Bright Light Bronzing Drops,Revolution Beauty,2625727
815,Butter Glow Bronzing Serum - Sunkissed Glow,Physicians Formula,2620545
816,Cheek Squad Cream Face Trio,ULTA Beauty Collection,2599123
817,Conceal + Perfect Sun Kissed Liquid Bronzing Drops,Milani,2626358
818,Nudies All Over Face Color - Glow,NUDESTIX,2584257
819,DreamStick Cream Bronzing Multi-Stick,Persona,2584178
820,Hoola Matte Powder Bronzer Jumbo,Benefit Cosmetics,2624547
821,Laguna Ultimate Face Palette,NARS,2624147
822,Bronze Stix,ColourPop,2616836
823,Skinfinish Sunstruck Radiant Bronzer Powder,MAC,2609362
824,Mini Laguna Bronzer Powder Talc-Free,NARS,2608928
825,nan,nan,2584043
826,Cheeky Rose Liquid Sculpt,Winky Lux,2618624
827,Sunny Glow Bronzing Drops Complexion Enhancer,Pacifica,2617752
828,Your Most Beautiful You Anti-Aging Face Palette,IT Cosmetics,2264091
829,nan,nan,2592463
830,Primer-Infused Bronzer,e.l.f. Cosmetics,2538897
831,Butter Glow Contour Wand,Physicians Formula,2622620
832,Hypernova Satin Matte Bronzer,r.e.m. beauty,2620471
833,Instant Sunshine Bronzing Drops,ICONIC LONDON,2623455
834,Shape Tape Glow Bronzer,Tarte,2596914
835,nan,nan,2592764
836,Skin Bronzing,NABLA,2570081
837,Supernatural Stick Bronzer,Well People,2596720
838,nan,nan,2623893
839,Symphony Face Obsession,J.Cat Beauty,2540734
840,Skin Fetish: Divine Bronzer,PAT McGRATH LABS,2613920
841,Butter Glow Liquid Bronzer,Physicians Formula,2605867
842,Putty Bronzer,e.l.f. Cosmetics,2582203
843,Chubby Stick Sculpting Contour,Clinique,2282741
844,Tinted Moisturizer Cream Bronzer,Laura Mercier,2608653
845,Good Apple Bronze + Sculpt Balm Duo,KVD Beauty,2621132
846,Clean Fresh Radiant Loose Powder Bronzer,CoverGirl,2615729
847,Pink Blush & Nude Bronze 2 Piece Mini Kit,NUDESTIX,2609683
848,PureBronze Shimmer Bronzer Refill,jane iredale,2611717
849,Ultra Cream Bronzer,Revolution Beauty,2597580
850,Supercharged Bronzer Multistick,Milani,2581806
851,Mini Bronze & Glow,NATASHA DENONA,2608437
852,Bronzer Palette,e.l.f. Cosmetics,2500443
853,Flawless Fusion Bronzer Powder,KIKO Milano,2575986
854,Sun Club Matt Bronzing Powder Palette,Essence,2558440
855,Sun Club Matt Bronzing Powder,Essence,2232176
856,Heatwave Luminous Bronzer,FLOWER Beauty,2587386
857,nan,nan,2592765
858,Sheer Bronze Natural Cream Bronzer,ICONIC LONDON,2584751
859,Sun Club Luminous Bronzing Powder,Essence,2558606
860,TANtalizer Buildable Bronzing Powder,LORAC,2511304
861,Baby Nude Skin 2-PC NUDIES Kit,NUDESTIX,2568578
862,nan,nan,2604018
863,Oh My Glow Cream Bronzer,ULTA Beauty Collection,2578118
864,Matte Monoi Butter Bronzer,Physicians Formula,2574300
865,Mega Bronzer,Revolution Beauty,2570436
866,nan,nan,2537789
867,Bronzer Reloaded,Revolution Beauty,2547120
868,Sweet & Sunny Cheeks 2-Piece NUDIES Kit,NUDESTIX,2605949
869,Butter Dream Team Palette,Physicians Formula,2593962
870,Symphony Face Obsession,J.Cat Beauty,2540734
871,Sun Dreams Creamy Bronzer & Contour,Pacifica,2597876
872,It Takes 2 Bronzer Highlight Duo,af94,2619276
873,Velvet Contour Bronzer Stick,L.A. Girl,2614389
874,Mineral Wear Diamond Bronzer,Physicians Formula,2620793
875,Oh My Glow Baked Bronzer,ULTA Beauty Collection,2617493
876,nan,nan,2580624
877,Rice Powder Bronzer Duo,Ere Perez,2588774
878,Super Shock Highlighter,ColourPop,2527703
879,Blushed Liquid Blushlighter,Juvia's Place,2618633
880,Sunset Daze Bronzing Drops,L.A. Girl,2626753
881,Faux Glow Matte Bronzer,ULTA Beauty Collection,2617683
882,Sunset Daze Matte Duo Bronzer,L.A. Girl,2626754
883,nan,nan,2578724
884,Dior Forever Luminizer,Dior,2604216
885,Chubby Stick Sculpting Highlight,Clinique,2282790
886,Match Stix Shimmer Skinstick,FENTY BEAUTY by Rihanna,2592600
887,Ambient Lighting Palette Volume II,HOURGLASS,2579001
888,LES BEIGES Sheer Healthy Glow Highlighting Fluid,CHANEL,2570349
889,Forever Glow Maximizer Longwear Liquid Highlighter,Dior,2622873
890,Demi'Glow Light-Diffusing Highlighter,FENTY BEAUTY by Rihanna,2618106
891,BAUME ESSENTIEL Multi-Use Glow Stick,CHANEL,2568235
892,Golden Highlighter Trio,NATASHA DENONA,2624346
893,Beauty Highlighter Wand,Charlotte Tilbury,2619318
894,Forever Glow Star Filter Multi-Use Highlighter - Complexion Enhancing Fluid,Dior,2622884
895,Killawatt Freestyle Highlighter,FENTY BEAUTY by Rihanna,2592606
896,Shimmering Baked Highlighter,Ofra Cosmetics,2527220
897,Jumbo Multi-Use Highlighter Stick,NYX Professional Makeup,2609538
898,Double Take Bronzer,UOMA Beauty,2600961
899,Nudies All Over Face Color - Glow,NUDESTIX,2584257
900,Skin Color Corrector Stick,BOBBI BROWN,2595289
901,HD Pro Corrector Concealer,L.A. Girl,2505288
902,Lowlight Liquid Contour,FLOWER Beauty,2607268
903,MegaGlo Dual-Ended Contour Stick,Wet n Wild,2518350
904,Boi-ing Cakeless Full Coverage Waterproof Liquid Concealer,Benefit Cosmetics,2548925
905,Clay Play Face Shaping Palette Vol. 2,Tarte,2522808
906,Ultra Contour Palette,Revolution Beauty,2299874
907,ModCon Liquid-Gel Contour,KVD Beauty,2584905
908,Pro Fix Stick Color Correcting Concealers,NYX Professional Makeup,2617411
909,Shape Tape Corrector,Tarte,2606949
910,Putty Color-Correcting Eye Brightener,e.l.f. Cosmetics,2617749
911,Ambient Lighting Palette - Volume lll,HOURGLASS,2592603
912,Translucent Loose Setting Powder,Laura Mercier,2562494
913,All Nighter Hyaluronic Acid Dewy Setting Spray,Urban Decay Cosmetics,2623551
914,Matte Finish Long Lasting Makeup Setting Spray Vegan Formula,NYX Professional Makeup,2254931
915,nan,nan,2597535
916,Golden Soleil Baked Bronzer,J.Cat Beauty,2296130
917,Superpowder Bronzing Powder,Well People,2553315
918,Murumuru Butter Glow Face Palette,Physicians Formula,2571844
919,Heatwave Bronzing Essence,FLOWER Beauty,2563463
920,nan,nan,2593144
921,TruBlend So Flushed High Pigment Bronzer,CoverGirl,2566503
922,Mini Filmstar Bronze & Glow,Charlotte Tilbury,2619620
923,Laguna Ultimate Face Palette,NARS,2624147
924,Hueglow Jumbo Liquid Highlighter Drops,Live Tinted,2588677
925,Shimmer Brick Highlighter,BOBBI BROWN,2602720
926,Body Glow,KYLIE COSMETICS,2610379
927,Halo Glow Liquid Filter,e.l.f. Cosmetics,2604924
928,Light Lock Highlight Fluid,about-face,2623853
929,Diamond Bomb All-Over Diamond Veil,FENTY BEAUTY by Rihanna,2592270
930,Cookie Golden Pearl Powder Highlighter,Benefit Cosmetics,2595642
931,Halo Glow Highlight Beauty Wand,e.l.f. Cosmetics,2609257
932,Glowing Cheeks Blush & Highlight Duo,Tarte,2622793
933,nan,nan,2625693
934,Multi-Use Sculpting Palette,ICONIC LONDON,2594949
935,Contour Palette,e.l.f. Cosmetics,2500450
936,Halo Glow Contour Beauty Wand,e.l.f. Cosmetics,2609181
937,Dew-la-la Liquid Glow Highlighter,Benefit Cosmetics,2624539
938,Shade + Light Refillable Face Contour Palette,KVD Beauty,2570675
939,Hy-Gen Skincare Infused Glow Beautifier,NATASHA DENONA,2624349
940,"Face Palette - All In One Bronzer, Highlight, Blush",Anastasia Beverly Hills,2576830
941,Heaven's Hue Highlighter,Stila,2538946
942,COMPLEXION RESCUE All-Over Luminizer Mineral SPF 20,bareMinerals,2619637
943,Bronze Age Bronzing Stick,Winky Lux,2600462
944,Smashbox X BECCA Shimmering Skin Perfector Pressed Highlighter,Smashbox,2587487
945,nan,nan,2282772
946,Sculpting Touch Creamy Stick Contour,KIKO Milano,2576113
947,Interstellar Highlighter Topper,r.e.m. beauty,2595358
948,Chubby Stick Sculpting Contour,Clinique,2282741
949,Shade + Light Refillable Face Contour Palette,KVD Beauty,2570675
950,Pro Sculpt Concealer Palette,L.A. Girl,2611142
951,Lightweight HD Pro Creamy Concealer,L.A. Girl,2505332
952,Supercharged Brightening Undereye Tint,Milani,2574042
953,Huestick Corrector,Live Tinted,2588683
954,Bright Eyed Under Eye Corrector,FLOWER Beauty,2617311
955,Peeper Correct Color Corrector,Winky Lux,2625598
956,Continuous Setting Mist,Morphe,2528888
957,Smashbox X BECCA Under Eye Brightening Corrector,Smashbox,2587128
958,Light Reflecting Eye Brightener,NARS,2609675
959,Match Stix Contour Skinstick,FENTY BEAUTY by Rihanna,2592591
960,Conceal & Perfect Face Lift Collection Liquid Contour,Milani,2599614
961,Airbrush Flawless Setting Spray,Charlotte Tilbury,2619571
962,(Re)setting 100% Mineral Powder Sunscreen SPF 35 PA+++,Supergoop!,2589378
963,Bake & Set Setting Powder,Morphe,2553748
964,All Nighter Waterproof Setting Powder,Urban Decay Cosmetics,2527641
965,Face Tape Pressed Powder,Tarte,2621965
966,Mineral Matte Loose Finishing Powder,NYX Professional Makeup,2254936
967,Translucent Loose Setting Powder,Anastasia Beverly Hills,2551083
968,True Match Lumi Glotion Natural Glow Bronzing Enhancer,L'OrÃ©al,2520146
969,GEN NUDE Highlighting Blush,bareMinerals,2611433
970,Glow Tape Highlighter,Tarte,2607590
971,Highlight Reloaded,Revolution Beauty,2547153
972,Glow Glide Face Architect Highlighter,Charlotte Tilbury,2619589
973,"All-Inclusive Eye, Cheek & Face Palette",Milani,2590468
974,Beam Bright Highlighter,Revolution Beauty,2618581
975,Cream Contour Palette,e.l.f. Cosmetics,2506970
976,Sun Dreams Creamy Bronzer & Contour,Pacifica,2597876
977,Ambient Lighting Palette Volume II,HOURGLASS,2579001
978,Step-By-Step Contour Highlighter & Bronzer Face Palette Kit,Smashbox,2222418
979,MegaGlo Makeup Stick Contour,Wet n Wild,2518198
980,MegaGlo Makeup Stick Conceal,Wet n Wild,2518213
981,Contour Quad Spectrum Palette,J.Cat Beauty,2506084
982,Conceal & Perfect Face Lift Collection Undereye Brightener,Milani,2599610
983,Mineral Veil Setting Powder,bareMinerals,5081177
984,Studio Perfect Color Correcting Primer in Green,NYX Professional Makeup,2226206
985,nan,nan,2582653
986,nan,nan,2607060
987,Translucent Loose Setting Powder Ultra-Blur,Laura Mercier,2601179
988,More Than A Pretty Powder Skin-caring Loose Setting Powder,Polite Society,2625330
989,Fit Me Loose Finishing Powder,Maybelline,2510255
990,The POREfessional: Super Setter Long-Lasting Makeup Setting Spray,Benefit Cosmetics,2572791
991,Superfix Misting Spray,Revolution Beauty,2574452
992,Bye Bye Pores Translucent Loose Setting Powder,IT Cosmetics,2264078
993,All Nighter Ultra Matte Setting Spray,nan,2556547
994,Cheek Squad Cream Face Trio,ULTA Beauty Collection,2599123
995,Tickle Golden Pink Powder Highlighter,Benefit Cosmetics,2595643
996,High Beam Satin Pink Liquid Highlighter,Benefit Cosmetics,2547729
997,Undereye Corrector,BOBBI BROWN,2583531
998,"Cali Contour Blush, Highlighter, & Bronzer Face Palette",Smashbox,2581357
999,Halo Sculpt + Glow Face Palette With Vitamin E,Smashbox,2618543
1000,Petite PRO Contour Palette,LORAC,2583762
1001,Shape Tape Full Coverage Concealer,Tarte,2501208
1002,Hollywood Contour Wand,Charlotte Tilbury,2619436
1003,Wonder Stick Cream Highlight & Contour Stick,NYX Professional Makeup,2595218
1004,Tinted Blur Sculpt Stick,NUDESTIX,2598483
1005,Double Take Freed Contour Stick,UOMA Beauty,2600890
1006,HydroPure Color Correcting Serum with Hyaluronic Acid & CoQ10,jane iredale,2614127
1007,Even Better All-Over Primer and Color Corrector,Clinique,2598022
1008,Revolution Eye Bright Under Eye Corrector,Revolution Beauty,2593219
1009,nan,nan,2597892
1010,Color Correcting Liquid Concealer,ULTA Beauty Collection,2620167
1011,All Nighter Waterproof Makeup Setting Spray,nan,2503490
1012,Power Grip Dewy Setting Spray,e.l.f. Cosmetics,2621170
1013,Make It Last Original - Natural Finish Setting Spray,Milani,2519996
1014,Invisimatte Instant Setting + Blotting Powder,FENTY BEAUTY by Rihanna,2599894
1015,Bye Bye Pores Translucent Loose Setting Powder,IT Cosmetics,2264078
1016,Veil Translucent Setting Powder,HOURGLASS,2572599
1017,Translucent Pressed Setting Powder Ultra-Blur,Laura Mercier,2622822
1018,HD Finishing Powder Pressed Setting Powder,NYX Professional Makeup,2283242
1019,All Nighter Hyaluronic Acid Dewy Setting Spray,Urban Decay Cosmetics,2623551
1020,Illuminating Mineral Veil Setting Powder,bareMinerals,2138919
1021,Studio Fix Pro Set + Blur Weightless Loose Setting Powder,MAC,2609367
1022,Totally Set Mini Brighten & Set Powder Duo,Morphe,2621491
1023,Shape Tape Stay Spray Setting Spray,Tarte,2547935
1024,Brighten Up! Banana Powder,Essence,2611069
1025,Sheer Finish All Day Oil Control Pressed Powder,BOBBI BROWN,2612319
1026,Your Skin But Better Setting Spray + Hydrating Mist,IT Cosmetics,2562519
1027,Stay All Day Blue Light Micro-Setting Mist,e.l.f. Cosmetics,2591796
1028,Mini Bake & Set Setting Powder,Morphe,2621392
1029,Fix+ Magic Radiance All Day Hydrating Setting Spray with Vitamin C,MAC,2562867
1030,Lock-It Setting Powder,KVD Beauty,2570683
1031,Airbrush Flawless Finish Brightening Powder,Charlotte Tilbury,2619430
1032,Perfect Finish HD Powder,e.l.f. Cosmetics,2500458
1033,Translucent Loose Setting Powder - Light Catcher,Laura Mercier,2581649
1034,Invisible Touch Face Fixing Powder,KIKO Milano,2576110
1035,Mineral Wear Talc-Free Mineral Airbrushing Pressed Powder SPF 30,Physicians Formula,2241353
1036,Lock-It Finishing Powder Refill,KVD Beauty,2571106
1037,Invisimatte Refill Instant Setting + Blotting Powder,FENTY BEAUTY by Rihanna,2599895
1038,High Definition Pressed Finishing Powder Mini,NYX Professional Makeup,2540538
1039,nan,nan,2566420
1040,Prep-Set-Glow Hydrating Setting Spray Mini,ICONIC LONDON,2601972
1041,Pommisst Hydration Spray,jane iredale,2614489
1042,(Glow)setting Powder 100% Mineral SPF 35,Supergoop!,2613562
1043,Simply Ageless Instant Wrinkle Blurring Pressed Powder,CoverGirl,2573423
1044,Light Reflecting Setting Powder Loose,NARS,2591167
1045,"Facial Spray with Aloe, Chamomile and Lavender",Mario Badescu,2520093
1046,Photo Focus Loose Setting Powder,Wet n Wild,2548494
1047,PHYTO-PIGMENTS Flawless Finishing Powder,Juice Beauty,2295516
1048,Make It Last Matte - Matte Finish Charcoal Setting Spray,Milani,2539493
1049,Dewy Coconut Setting Mist,e.l.f. Cosmetics,2574688
1050,Trippin Smooth Powder,UOMA Beauty,2597861
1051,Hueskin Brightening Core Setting Powder,Live Tinted,2621482
1052,Spritz. Mist. Glow. Set,Mario Badescu,2523667
1053,4-in-1 Loose Blurring Setting Powder,PÃR,2576922
1054,Pretty Fresh Hyaluronic Acid Setting Mist,ColourPop,2561412
1055,Matte Magic Mist & Set,e.l.f. Cosmetics,2506976
1056,"Facial Spray with Aloe, Sage and Orange Blossom",Mario Badescu,2540829
1057,Butter Glow Pressed Powder,Physicians Formula,2605869
1058,Mist Thing Hydrating Setting Spray,r.e.m. beauty,2620465
1059,Plant-Based Hydrating Makeup Removing Face Wipes for All Skin Types,CeraVe,2591828
1060,Comforting Eye Makeup Remover with Hyaluronic Acid,CeraVe,2597413
1061,Makeup Remover Melting Balm,Neutrogena,2582619
1062,Reusable Makeup Remover Pads,Tweezerman,2605766
1063,Gently Off Eye and Lip Makeup Remover,MAC,2510729
1064,nan,nan,2602999
1065,nan,nan,2609268
1066,Bye Bye Makeup 3-in-1 Makeup Melting Cleansing Balm,IT Cosmetics,2594127
1067,PREGAME SETTING SPRAY Moisturizing Skin Serum,Youthforia,2602251
1068,"Take The Day Off Makeup Remover For Lids, Lashes & Lips",Clinique,2153847
1069,nan,nan,2524150
1070,DÃMAQUILLANT YEUX INTENSE Gentle Bi-Phase Eye Makeup Remover,CHANEL,2607864
1071,PRO Setting Brightening Loose Setting Powder,L.A. Girl,2619161
1072,Vegan Collagen Hydrating Setting Mist,Pacifica,2591371
1073,Miracle Matte Universal Finishing Pressed Powder,FLOWER Beauty,2524917
1074,Pixi + Hello Kitty Makeup Fixing Mist,Pixi,2598118
1075,Makeup Insurance Longwear Setting Spray + Blue Light Defense,Too Faced,2603719
1076,Sunsetter SPF 30 High-Protection Broad-Spectrum Setting Spray,Morphe,2610862
1077,Lasting Fix Makeup Setting Spray,Maybelline,2545896
1078,Mini Translucent Loose Setting Powder Ultra-Blur,Laura Mercier,2616140
1079,The POREfessional: Super Setter Long-Lasting Makeup Setting Spray Mini,Benefit Cosmetics,2572792
1080,ORIGINALâ Mineral Veilâ Set + Protect Talc-Free âSetting Powder âMineral SPF 25 PA++â,bareMinerals,2623851
1081,Fix+ Stay Over Alcohol-Free 24HR Setting Spray,MAC,2597454
1082,Creaseless Loose Setting Powder,Tarte,2624750
1083,All Nighter Ultra Matte Setting Spray,nan,2556547
1084,Mini Continuous Setting Mist,Morphe,2569792
1085,Mineral Veil Finishing Powder Broad Spectrum SPF 25,bareMinerals,2215316
1086,Airbrush Flawless Finish Setting Powder,Charlotte Tilbury,2619306
1087,Prep + Prime Fix+ Primer and Setting Spray,MAC,2510684
1088,Pro Filt'r Instant Retouch Setting Powder,FENTY BEAUTY by Rihanna,2592442
1089,Redness Solutions Instant Relief Mineral Pressed Powder,Clinique,2225326
1090,Even Better All-Over Primer and Color Corrector,Clinique,2598022
1091,Color Corrector Quad Spectrum Palette,J.Cat Beauty,2506087
1092,CC+ Cream with SPF 50+,IT Cosmetics,2264064
1093,Banana Bright Vitamin CC Sticks for Dark Circles,OLEHENRIKSEN,2617229
1094,Redness Solutions Makeup Broad Spectrum SPF 15 With Probiotic Technology Foundation,Clinique,2567629
1095,3C Color Correcting Concealer Palette,NYX Professional Makeup,2283240
1096,Travel-Size Shape Tape Glow Wand Liquid Highlighter,Tarte,2557000
1097,Travel-Size Shape Tape Glow Wand Liquid Highlighter,Tarte,2557000
1098,nan,nan,2604018
1099,Halo Sculpt + Glow Face Palette With Vitamin E,Smashbox,2618546
1100,Matte Cream Contour & Highlight Sticks,Anastasia Beverly Hills,2308351
1101,Matte Cream Contour & Highlight Sticks,Anastasia Beverly Hills,2308351
1102,Bienvenidos A Miami Mini Mix Face Palette,Ofra Cosmetics,2620024
1103,Beau Phoria Gaze & Amaze 12 Color Eye & Face Palette,L.A. Girl,2615865
1104,Effervescence Extra Dimension Face Compact,MAC,2601094
1105,Halo Sculpt + Glow Face Palette With Vitamin E,Smashbox,2618546
1106,Bare With Me Aloe & Cucumber Extract Hydrating Jelly Primer,NYX Professional Makeup,2542633
1107,nan,nan,2604540
1108,Mini PRIME TIME Original Pore-Minimizing Primer,bareMinerals,2609685
1109,NÂ°1 DE CHANEL SKIN ENHANCER Boosts Radiance - Evens - Perfects,CHANEL,2611609
1110,Redness Reducer Primer,Essence,2602998
1111,Dewy Glaze Hydrating Face Primer,ULTA Beauty Collection,2617149
1112,Let's Chill Hydrating Primer Stick,L.A. Girl,2618826
1113,Priming Serum 24H Hydrating Solid Smoothing Primer,LancÃ´me,2598662
1114,"Face Palette - All In One Bronzer, Highlight, Blush",Anastasia Beverly Hills,2576830
1115,Cotton Candy Skies Midi Palette,Ofra Cosmetics,2620021
1116,Radiance Booster Dewy Tinted Moisturizer,ICONIC LONDON,2585994
1117,Sculpt & Glow Baked Face Palette,ULTA Beauty Collection,2617768
1118,Love Struck Blusher + Bronzer,J.Cat Beauty,2296116
1119,Mineralize Skinfinish Powder Highlighter,MAC,2510716
1120,Smashbox X BECCA Shimmering Skin Perfector Pressed Highlighter Mini,Smashbox,2588010
1121,"Face Palette - All In One Bronzer, Highlight, Blush",Anastasia Beverly Hills,2576830
1122,Infallible 24H Fresh Wear Soft Matte Bronzer,L'OrÃ©al,2596611
1123,Chocolate Soleil: Natural Chocolate Cocoa-Infused Healthy Glow Bronzer,Too Faced,2594145
1124,"Multi-Use Blush, Bronze, and Highlight Cream Palette",ICONIC LONDON,2620845
1125,Moisturizing Complexion Stick,ULTA Beauty Collection,2620514
1126,GEN NUDE BLONZER Blush + Bronzer,bareMinerals,2594966
1127,Sun-Kissed Face Gelee Complexion Multitasker Bronzer,Clinique,2303839
1128,COMPLEXION RESCUE Liquid Blonzer Blush + Bronzer,bareMinerals,2623836
1129,COMPLEXION RESCUE Liquid Blonzer Blush + Bronzer,bareMinerals,2623836
1130,Illuminance Gel Serum Blush,Revlon,2618905
1131,MegaGlo Makeup Stick Blush,Wet n Wild,2518208
1132,"Trifecta Metallica Lip, Eye & Cheek Stick",Stila,2575756
1133,Chocolate Soleil Melting Bronzing and Sculpting Stick,Too Faced,2622397
1134,Cheek & Lip Cream,Ofra Cosmetics,2608379
1135,Clean Fresh All Over Dewy Tint,CoverGirl,2597351
1136,4-in-1 Correcting Primer Anti Blemish & Mattify,PÃR,2550942
1137,Prime Focus Pore Minimizing Primer Serum,Wet n Wild,2589824
1138,Kind Glaze Dewy Glow Layer Face Primer,Pacifica,2604784
1139,Prime Focus Glass Correct Primer- Green,Wet n Wild,2574455
1140,Unconditional Mini Mix Face Palette,Ofra Cosmetics,2620023
1141,Bare With Me Aloe & Cucumber Extract Primer & Setting Spray,NYX Professional Makeup,2542640
1142,On-Set Essentials: Primer + Setting Spray Trio,Smashbox,2606440
1143,Pretty Blush 3-Piece Mini Kit,NUDESTIX,2605948
1144,City Block Sheer Oil-Free Daily Face Protector Broad Spectrum SPF 25 Primer,Clinique,2153905
1145,Hydrating Face Primer - Large,e.l.f. Cosmetics,2520958
1146,Insta-Grip Jelly Primer 3-in-1 Multi-Tasking Primer,Dermablend,2529223
1147,4-in-1 Correcting Primer Dark Spot Corrector,PÃR,2531216
1148,Bronzing Blendrops SPF 46 Priming Drops,BeautyBio,2620574
1149,Luminous Putty Primer,e.l.f. Cosmetics,2558546
1150,Soft Blur Poreless Face Primer,ULTA Beauty Collection,2617481
1151,nan,nan,2537277
1152,"Multi-Use Blush, Bronze, and Highlight Cream Palette",ICONIC LONDON,2620845
1153,Prep + Prime Fix+ Primer and Setting Spray,MAC,2510684
1154,Mini Hollywood Blush & Glow Palette,Charlotte Tilbury,2619555
1155,nan,nan,2625693
1156,Pure Color Envy Sculpting Blush,EstÃ©e Lauder,2591724
1157,Soft & Natural Nudes 3-Piece Mini Kit,NUDESTIX,2599713
1158,NUDIES MATTE LUX All Over Face Blush Color,NUDESTIX,2598338
1159,Dandelion Twinkle Soft Nude-Pink Powder Highlighter,Benefit Cosmetics,2595644
1160,Too Cheeky Lip & Cheek Color Stick,ULTA Beauty Collection,2556122
1161,Nudescreen Blush Tint SPF 30,NUDESTIX,2620585
1162,nan,nan,2510398
1163,Roses 'N Honey 3-Piece Mini NUDIES Kit,NUDESTIX,2596462
1164,Rosy Glow Blush,Dior,2612199
1165,Halo Glow Blush Beauty Wand,e.l.f. Cosmetics,2609251
1166,Silky-Soft Powder Blush,Benefit Cosmetics,2595623
1167,nan,nan,2583982
1168,Hello FAB Coconut Skin Smoothie Priming Moisturizer,First Aid Beauty,2589262
1169,Travel Size Photo Finish Primerizer+ Hydrating Primer with Hyaluronic Acid,Smashbox,2588005
1170,Instant Smooth Perfecting Touch Makeup Primer,Clarins,2200427
1171,4-in-1 Correcting Primer Energize & Rescue,PÃR,2525975
1172,Double Wear Smooth & Blur Primer,EstÃ©e Lauder,2618892
1173,Travel-Size Timeless Smoothing Face Makeup Primer,Tarte,2554634
1174,Pro Filt'r Instant Retouch Primer,FENTY BEAUTY by Rihanna,2592267
1175,Travel Size Photo Finish Control Mattifying Primer with Salicylic Acid,Smashbox,2588009
1176,Blur Screen SPF 30 Blurring Makeup Primer,NYX Professional Makeup,2623370
1177,Milk Tint SPF 43 Tinted Primer Serum,Beekman 1802,2624068
1178,Milk Tint SPF 43 Tinted Primer Serum,Beekman 1802,2624068
1179,UV Expert Defense SPF 50+ Primer & Moisturizer,LancÃ´me,2541521
1180,nan,nan,2617588
1181,Trick&Treat Concealer,Hey Honey,2537311
1182,COMPLEXION RESCUE Brightening Under Eye Concealer SPF 25,bareMinerals,2599426
1183,Mini Vitamin Enriched Face Base Moisturizer & Primer with Vitamin C + Hyaluronic Acid,BOBBI BROWN,2583729
1184,Melting Balm Makeup Remover,ULTA Beauty Collection,2616691
1185,Invisible Matte Lip Makeup Remover,J.Cat Beauty,2506154
1186,Good Apple Lightweight Full-Coverage Concealer,KVD Beauty,2591736
1187,Halo Healthy Glow 4-in-1 Perfecting Pen Concealer with Hyaluronic Acid,Smashbox,2610391
1188,nan,nan,2561093
1189,Waterproof Makeup Remover,J.Cat Beauty,2526414
1190,CC+ Cream with SPF 50+,IT Cosmetics,2264064
1191,Correct and Perfect All-In-One Color Correcting Palette,Stila,2301052
1192,GrandeVANISH Bi-Phase Makeup Remover,Grande Cosmetics,2612159
1193,nan,nan,2568308
1194,Cover Care Full Coverage Concealer,Dermablend,2563725
1195,Skin Fetish: Sublime Perfection Full Coverage Concealer,PAT McGRATH LABS,2613848
1196,Conceal & Define Full Coverage Concealer,Revolution Beauty,2536471
1197,CC+ Cream with SPF 50+,IT Cosmetics,2264064
1198,Bare With Me Hydrating Face & Body Concealer Serum,NYX Professional Makeup,2587594
1199,Travel Size Bye Bye Under Eye Full Coverage Waterproof Concealer,IT Cosmetics,2550194
1200,Double Wear Stay-In-Place Flawless Longwear Cream Concealer,EstÃ©e Lauder,2309394
1201,Kind Tint Tinted Serum,Pacifica,2591360
1202,Born This Way Super Coverage Multi-Use Concealer,Too Faced,2529024
1203,COMPLEXION RESCUE Tinted Moisturizer Mineral SPF 30,bareMinerals,2283391
1204,Beauty Balm Serum Boosted Skin Tint,Anastasia Beverly Hills,2621820
1205,Halo Healthy Glow Tinted Moisturizer Broad Spectrum SPF 25,Smashbox,2568499
1206,HydraKate Illuminating SPF 50+ Drops,Kate Somerville,2625521
1207,Radiant Skin Brightening Serum Skin Tint SPF 30,TULA,2598954
1208,Beyond Perfecting Powder Foundation + Concealer,Clinique,2291649
1209,Travel Size CC Water with Hyaluronic Acid,Erborian,2606543
1210,Instant Age Rewind Perfector 4-In-1 Whipped Matte Makeup,Maybelline,2590459
1211,Redness Solutions Makeup Broad Spectrum SPF 15 With Probiotic Technology Foundation,Clinique,2567629
1212,3C Color Correcting Concealer Palette,NYX Professional Makeup,2283240
1213,CC+ Nude Glow Lightweight Foundation + Glow Serum with SPF 40,IT Cosmetics,2594106
1214,CC+ Nude Glow Lightweight Foundation + Glow Serum with SPF 40,IT Cosmetics,2594106
1215,I Am Magic Glow Radiance Booster,Juvia's Place,2620803
1216,Weightless Skin Foundation SPF 15,BOBBI BROWN,2626798
1217,4-in-1 Foundation Stick Cream-to-Velvet Matte Foundation,PÃR,2526108
1218,Bye Bye Redness Neutralizing Color-Correcting Concealer Cream,IT Cosmetics,2514627
1219,Studio Waterweight SPF 30 Liquid Foundation Makeup,MAC,2510616
1220,Olay Simply Ageless Instant Wrinkle-Defying Foundation with SPF 28,CoverGirl,2165912
1221,Aquasurance Compact Foundation,J.Cat Beauty,2550026
1222,Light Illusion Liquid Foundation,FLOWER Beauty,2525008
1223,Infallible Pro-Matte Liquid Longwear Foundation,L'OrÃ©al,2283483
1224,Simply Ageless Skin Perfector Essence Foundation,CoverGirl,2618803
1225,ULTRA LE TEINT Ultrawear All-Day Comfort Flawless Finish Compact Foundation,CHANEL,2568265
1226,Forever Natural Matte Velvet Compact Foundation,Dior,2625554
1227,Almost Powder Makeup Broad Spectrum SPF 18 Foundation,Clinique,2160686
1228,Dior Forever Foundation Fluid Matte,Dior,2604875
1229,Leg and Body Makeup,Dermablend,2509368
1230,Filter Effect Soft-Focus Foundation,Morphe,2577758
1231,Double Wear Stay-in-Place Foundation,EstÃ©e Lauder,2309420
1232,BAREPRO 16HR Skin-Perfecting Matte Powder Foundation,bareMinerals,2589559
1233,Matte Foundation Broad Spectrum SPF 15,bareMinerals,2209455
1234,4-in-1 Pressed Mineral Makeup Broad Spectrum SPF 15,PÃR,2236106
1235,Take The Day Off Cleansing Balm Makeup Remover,Clinique,2282783
1236,Instant Cleansing Balm,Good Molecules,2582315
1237,Take The Day Off Cleansing Balm Makeup Remover Mini,Clinique,2532674
1238,Lash Purify Eye Makeup Remover & Lash Cleanser,Kiss,2588757
1239,Travel Size Lash Clean Oil-Free Makeup Remover,Velour Lashes,2568309
1240,See Ya Later! Bi-Phase Eye Makeup Remover,florence by mills,2609754
1241,My Stellar Micellar Makeup Remover Wipes,Petite n Pretty,2555735
1242,Whoopsie Eye Liner Corrector,ULTA Beauty Collection,2615838
1243,Real Clean In-The-Clear Eye Makeup Remover,Real Techniques,2610501
1244,100% Oil Free Eye Makeup Remover,L'OrÃ©al,2090124
1245,nan,nan,2610500
1246,Oil Free Eye Makeup Remover,ULTA Beauty Collection,2587283
1247,On-The-Go Oopsies Waterproof Makeup Remover,Glamnetic,2574475
1248,Gentle Eye Makeup Remover,EstÃ©e Lauder,2515497
1249,Clean Artiste Waterproof and Long Wearing Eye Makeup Remover,L'OrÃ©al,2205735
1250,Makeup Removing Towels,ULTA Beauty Collection,2601788
1251,"Gentle Makeup Removing Wipes, Fragrance and Alcohol Free",Cetaphil,2605919
1252,Falscara False Eyelash Rosewater Remover,Kiss,2559006
1253,Take It Away Makeup Remover Lotion,EstÃ©e Lauder,2309331
1254,Waterproof Eye & Lip Makeup Remover,ULTA Beauty Collection,2587058
1255,Holy Hydration! e.l.f. Off Makeup Remover,e.l.f. Cosmetics,2611367
1256,Makeup Remover Cleansing Towelette Singles,Neutrogena,2534782
1257,Calm + Restore Makeup Remover Wipes,Aveeno,2587059
1258,Travel Size Take The Day Off Makeup Remover,Clinique,2282782
1259,Rinse-Off Eye Makeup Remover Solvent,Clinique,2153848
1260,nan,nan,2605295
1261,Mini Gently Off Wipes + Micellar Water Makeup Remover Wipes,MAC,2587733
1262,"Skin Bloom, Cream To Powder Compact",J.Cat Beauty,2619734
1263,Bi-Facil Double Action Eye Makeup Remover,LancÃ´me,2235588
1264,Oil-Free Eye Makeup Remover,Neutrogena,2109669
1265,Travel-Size Shape Tape Glow Powder,Tarte,2566181
1266,Pro-Collagen Cleansing Balm,ELEMIS,2584166
1267,Travel Size Pro-Collagen Cleansing Balm,ELEMIS,2604192
1268,Superfood AHA Glow Cleansing Butter,ELEMIS,2570297
1269,Shape Tape Glow Powder,Tarte,2566178
1270,nan,nan,2574310
1271,"Ready, Set, Sealed! Setting Spray",Juvia's Place,2620794
1272,Lit Mist Illuminating Setting Spray,PÃR,2606407
1273,Skin Perfecting Powder Mineral Glow,PÃR,2531401
1274,Soft Velvet Finishing Powder,BLK/OPL,2578312
1275,Tinted Mineral Veil Setting Powder,bareMinerals,2122525
1276,Dew Lock Hydrating Set + Refresh Mist,HALF MAGIC,2611572
1277,Photo Finish Endurance Breathable Setting Spray,Smashbox,2598371
1278,LOCK&SEAL LIQUID MAKEUP SETTER,J.Cat Beauty,2571966
1279,Travel Size Translucent Pure Setting Spray 16HR,Laura Mercier,2610269
1280,Mattifying Setting Spray,KYLIE COSMETICS,2620538
1281,Pure Plush Gentle Deep Cleansing Foam,bareMinerals,2296211
1282,Take The Day Off Charcoal Cleansing Balm Makeup Remover,Clinique,2604464
1283,IRL Soft Focus 2 in 1 Powder Translucent,Revolution Beauty,2605186
1284,Vitamin Enriched Pressed Powder,BOBBI BROWN,2612318
1285,Lock-In Hydrating Makeup Setting Spray,L.A. Girl,2546816
1286,PRO Perfect Oil Control Multi-Tasking Setting Spray,L.A. Girl,2619162
1287,Glow Baby Brightening Setting Spray - SPF 45,Pacifica,2604655
1288,Close-Up Baking & Setting Powder,NABLA,2601536
1289,nan,nan,2607218
1290,Make It Last Mattifying Setting Powder,Milani,2581638
1291,Radiant Finish Long Lasting Makeup Setting Spray,NYX Professional Makeup,2557250
1292,Translucent Matte Pro Setting Powder,L.A. Girl,2504745
1293,HD Pro Setting Finish Spray,L.A. Girl,2504749
1294,Travel Size Loose Setting Powder,Dermablend,2568437
1295,Illuminating-Glow Makeup Setting Spray,L.A. Girl,2546805
1296,nan,nan,2607217
1297,Illuminating Banana Powder,Dermablend,2532495
1298,Jet Set Invisible Powder Spray,FLOWER Beauty,2587389
1299,Photo Focus Loose Setting Powder Banana,Wet n Wild,2558455
1300,Veil Soft Focus Setting Spray,HOURGLASS,2572573
1301,Lock and Last Water-Resistant Setting Spray,Dermablend,2581187
1302,Set + Refresh Perfecting Makeup Mist,EstÃ©e Lauder,2515496
1303,Fix It Forget It Hydrating Makeup Setting Spray,LancÃ´me,2533974
1304,Mattifying Setting Spray,Morphe,2614030
1305,Clean Invisible Loose Powder,CoverGirl,2604115
1306,Light Illusion Perfecting Powder,FLOWER Beauty,2524959
1307,POREfection Baked Perfecting Powder,LORAC,2232638
1308,Make It Last Sunscreen - Sunscreen Setting Spray SPF 30,Milani,2565913
1309,Stay-Matte Invisible Blotting Powder,Clinique,2302018
1310,Clean Fresh Pressed Powder,CoverGirl,2566112
1311,Luminous Setting Spray,Morphe,2610863
1312,Smooth Operator Amazonian Clay Pressed Finishing Powder,Tarte,2272084
1313,I Am Magic Loose Setting Powder,Juvia's Place,2552139
1314,nan,nan,2212995
1315,Setting Powder,KYLIE COSMETICS,2585677
1316,nan,nan,2604054
1317,HD Studio Finishing Powder Translucent Setting Powder,NYX Professional Makeup,2254920
1318,Pro Face Matte Pressed Powder,L.A. Girl,2578044
1319,Travel Size Shape Tape Stay Spray Setting Spray,Tarte,2547937
1320,No Filter Loose Setting Powder,ColourPop,2592771
1321,Born This Way Ethereal Setting Powder,Too Faced,2598671
1322,Smooth Operator Amazonian Clay Finishing Powder,Tarte,2600461
1323,Prep-Set-Glow Hydrating Setting Spray,ICONIC LONDON,2536945
1324,Blended Face Powder,Clinique,2157841
1325,UncompliKated SPF Soft Focus Makeup Setting Spray Broad Spectrum SPF 50 Sunscreen,Kate Somerville,2531116
1326,Dewy Set Hydrating Setting Spray Mini,Anastasia Beverly Hills,2564261
1327,Real Flawless Luminous Perfecting Talc-Free Pressed Finishing Powder,Laura Mercier,2608652
1328,Dewy Set Hydrating Setting Spray,Anastasia Beverly Hills,2543372
1329,Translucent Loose Setting Powder Mini,Anastasia Beverly Hills,2568385
1330,Light Reflecting Makeup Setting Mist,NARS,2624004
1331,Light Reflecting Pressed Setting Powder,NARS,2591171
1332,"Facial Spray with Aloe, Cucumber and Green Tea",Mario Badescu,2515878
1333,High Definition Powder,nan,2500446
1334,Travel Size Veil Translucent Setting Powder,HOURGLASS,2572598
1335,Lock-It Finishing Powder,KVD Beauty,2570903
1336,Can't Stop Won't Stop All Day Mattifying Powder,NYX Professional Makeup,2583789
1337,Dewy Finish Long Lasting Makeup Setting Spray Vegan Formula,NYX Professional Makeup,2254932
1338,ORIGINAL Mineral Veil Pressed Setting Powder - Translucent,bareMinerals,2582216
1339,Hangover 3-In-1 Replenishing Primer & Setting Spray,Too Faced,2513749
1340,All Nighter Vitamin C Hydrating Setting Spray,Urban Decay Cosmetics,2595985
1341,ORIGINALâ Mineral Veilâ Set + Protect Talc-Free âSetting Powder âMineral SPF 25 PA++â,bareMinerals,2623851
1342,Marsh Mellow Matte Setting Spray,NYX Professional Makeup,2617111
1343,Jumbo Bake & Set Setting Powder,Morphe,2621391
1344,All Nighter Extra Glow Dewy Setting Spray,Urban Decay Cosmetics,2567751
1345,Loose Baking Powder,Revolution Beauty,2505770
1346,nan,nan,2107730
1347,De-Slick Oil Control Setting Spray,Urban Decay Cosmetics,2503492
1348,Secret Brightening Powder for Under Eyes,Laura Mercier,2586416
1349,Smooth Operator Amazonian Clay Tinted Pressed Setting Powder,Tarte,2282470
1350,Bye Bye Pores Pressed Pore Minimizing Setting Powder,IT Cosmetics,2290474
1351,Makeup Setting Spray Organic Sunscreen SPF 30,COOLA,2287002
1352,Translucent Loose Setting Powder Ultra-Blur,Laura Mercier,2601177
1353,Translucent Loose Setting Powder,Laura Mercier,2559917
1354,Pretty Fresh Pressed Face Powder,ColourPop,2593136
1355,Loose Setting Powder,Dermablend,2278300
1356,Mineral Veil Finishing Powder Broad Spectrum SPF 25,bareMinerals,2215316
1357,Stay All Night Micro-Fine Setting Mist,e.l.f. Cosmetics,2567177
1358,Mini MAC Prep + Prime Fix+ Primer and Setting Spray,MAC,2510727
1359,Halo Glow Setting Powder,e.l.f. Cosmetics,2574627
1360,Bye Bye Pores Pressed Pore Minimizing Setting Powder,IT Cosmetics,2290474
1361,Continuous Prep & Set Setting Mist+,Morphe,2610861
1362,Travel Size Airbrush Flawless Setting Spray,Charlotte Tilbury,2619481
1363,Blended Face Powder,Clinique,2153517
1364,Fit Me Matte + Poreless Powder,Maybelline,2537847
1365,Mineralize Skinfinish Natural Face Powder,MAC,2510649
1366,Hy-Glam Correcting Concealer,NATASHA DENONA,2609431
1367,Magic Vanish Color Corrector,Charlotte Tilbury,2619343
1368,Camo Color Corrector,e.l.f. Cosmetics,2606625
1369,Pro Powder Palette - Sculpt & Highlight,L.A. Girl,2612689
1370,MegaGlo Contouring Palette,Wet n Wild,2518306
1371,Highlight & Contour Pro Face Palette,NYX Professional Makeup,2284091
1372,Sculpt Tape Contour,Tarte,2604053
